,en,ko,pred_enko
0,"Once upon a time, there were three beautiful butterflies.","옛날 옛적에, 세 마리의 예쁜 나비가 있었어요.",옛날엔 세 가지 아름다운 느티가 있었다.
1,I felt like I have millions butterflies in my stomach.,너무 긴장 한 것 같았어요.,나는 수백만 명의 마음이 두근거린 것 같았어.
2,The deal was completely open and above board.,거래는 완전히 공개되었고 명백했습니다.,그 거래는 완전히 개방적이고 위급했다.
3,I left the keys on the board on your porch.,현관 게시판에 열쇠를 두고 왔어요.,나는 당신의 집에 열쇠를 두고 갔다.
4,clean your toys in the living room. no buts!,어서 거실에 있는 장난감 정리하세요. 토 달지 말고!,거실에서 장난감 청소해. 토 달지 말고!
5,Wages were raised across the board by 12 percent. ,임금이 일률적으로 12% 인상되었다,임금은 일괄적으로 12% 인상됐다.
6,"We can't make decisions yet, let's play it by ear.",아직 결정 내릴 수가 없어요. 상황 봐 가면서 진행합시다.,"우리는 아직 결정을 내릴 수 없어요, 상황에 맞게 하자."
7,"After my father-in-law said, ""Why are you making him cry?"", things went south.","시아버님이 ""왜 애를 울리냐?""라고 말씀하시고 나서부터 상황이 말리기 시작했다.","장인이 ""왜 그를 울고 있습니까?""라고 말한 후, 상황은 나빠졌습니다."
8,He went south to a warmer climate.,그는 기후가 더 따뜻한 남쪽으로 갔다.,그는 더 따뜻한 기후로 남쪽으로 갔다.
9,I didn't want to do it but he kept egging me on.,나는 그것을 하고 싶지 않았는데 그가 계속 부추겼다.,나는 하고 싶지 않았지만 그는 계속 나를 부추겼다.
10,That politician is notorious for egging on the crowd and making them assault the police. ,그 정치인은 군중이 경찰을 공격하게끔 선동하는 걸로 악명이 높잖아요.,그 정치인은 군중을 선동하고 그들을 경찰을 폭행하도록 하는 것으로 악명 높습니다.
11,I'd say she's doing just peachy.,내 말은 그녀가 정말 끝내주게 잘해내고 있다는 거야.,그녀가 아주 좋은 일을 하고 있다고 말하고 싶다.
12,Everyone there knew that he was just a sour grape.,거기 있는 모든 사람은 그가 오기를 부리는 것이라는 것을 알았다.,그곳의 모든 사람들은 그가 단지 오기라고 알고 있었습니다.
13,I can't tell which one is better because they are apples and oranges.,그 두 개가 서로 비교할 수 없는 대상이라 어떤 것이 더 좋은지 말할 수가 없다.,별개라서 어느 것이 더 나은지 알 수가 없어요.
14,He is a fan of both apple juice and orange juice.,그는 사과 주스와 오렌지 주스를 모두 좋아합니다.,그는 애플 주스와 오렌지 주스를 모두 좋아하는 사람이에요.
15,My dream job just fell into my lap.,내가 꿈꾸던 직장이 그냥 호박채 넝쿨 굴러 들어왔다.,내 꿈의 직업이 쿨째 들어왔어.
16,That's why he beat around the bush.,그래서 계속 빙빙 돌려 말하는 거죠.,그래서 그가 빙빙 돌리게 된 거야.
17,"Hey, cut me some slack. I'm only a few dollars short.","저기요, 조금만 봐 주세요. 단지 몇 달러가 부족해요.","야, 좀 봐주자. 내가 몇 달러밖에 안 되잖아."
18,Danny's family told him to “break a leg” right before he went up on stage.,"대니의 가족은 무대에 오르기 직전에 그에게 ""행운을 빈다고""고 말했습니다.",대니의 가족은 그가 무대에 오르기 직전에 그에게 “대박”이라고 말했습니다.
19,We can't cut corners when it comes to safety regulations in our factory.,우리 공장의 안전 규정에 관한 한 절차를 무시하고 대충 하는 건 안됩니다.,우리 공장의 안전 규정과 관련하여 우리는 절차를 생략할 수 없습니다.
20,"with father's wine in the back, I mustn't drive too fast. Easy does it","아버지의 와인을 뒤에 싣고, 빠르게 운전 하면 안되요. 신중하게 하세요.",아버지의 와인을 뒷면에 두고 운전을 너무 빨리 하지 마세요. 조심히 하세요.
21,it's so random. I never know how to dress in this kind of weather.,너무 뜬금없어요. 이런 날씨에 어떻게 옷을 입어야 할지 모르겠어요.,너무 뜬금없어요. 이런 날씨에 옷을 입는 법을 전혀 모르겠어요.
22,His carefully planned road trip started to go south when the car broke down in the middle of nowhere.,신중하게 계획된 그의 여행은 갑자기 차가 고장 나면서 상황이 악화되기 시작 했습니다.,신중하게 계획된 그의 여행은 갑자기 차가 고장 나면서 상황이 악화되기 시작 했습니다.
23,"When the surprise guest walked in, the kids at the birthday party went bananas with excitement.",깜짝 손님이 등장하자 생일 파티에 참석한 아이들은 신나서 난리가 났어요.,깜짝 게스트가 들어올 때 생일 파티의 아이들은 흥분으로 열광했습니다.
24,don't try and butter me up in order to get privileged information.,권한 있는 정보를 얻기 위해 저에게 아부하지 마세요.,특권적인 정보를 얻기 위해 나를 아부를 하지 마세요.
25,I love listening to this old jazz record. it never gets old!,오래된 재즈 음반을 듣는 것을 좋아합니다. 절대 질리지 않아요!,저는 이 옛날 재즈 음반 듣는 것을 좋아합니다. 절대 질리지 않아!
26,You're young and healthy and you have no commitments. The world is your oyster.,당신은 젊고 건강하며 책임 져야 할 일이 없습니다. 세상은 당신의 것이다.,너 젊고 건강하며 약속도 없어. 넌 뭐든 할 수 있어.
27,you already finished project? you are really on the ball.,벌써 프로젝트 끝냈다고? 너 진짜 똑똑하구나.,벌써 프로젝트를 완료했니? 완전 일중이야.
28,She told him that you're barking up the wrong tree because she had no idea.,"그녀는 당신이 헛다리 짚고 있다고 말했는데, 그녀는 아는 것이 전혀 없었기 때문이다.",그녀는 그에게 전혀 몰랐기 때문에 당신이 헛다리 짚고 있다고 말했습니다.
29,"the bookworms and the science enthusiasts formed close friendships, proving that birds of a feather flock together.","책벌레와 과학 애호가들이 밀접한 우정을 형성하여, 유유상종 임을 증명한다.",책벌레와 과학 enthusiast들은 밀접한 우정을 형성하여 유유상종이라는 것을 증명했습니다.
30,"His coach reminded him, 'Don't count your chickens before they hatch' to keep him focused on the upcoming match.",코치가 '김칫국 마시지 말라'는 말을 상기시키며 다가오는 경기에 집중할 수 있도록 했습니다.,그의 코치는 그가 다가오는 경기에 집중할 수 있도록 '김칫국부터 마시지 마라'고 상기시켜 주었습니다.
31,"After accidentally deleting his important presentation, he reminded himself not to cry over spilled milk and immediately started working on a new one.","중요한 프레젠테이션을 실수로 삭제한 후, 그는 엎질러진 물이라고, 스스로에게 다짐하고 즉시 새 프레젠테이션 작업을 시작했습니다.","그는 실수로 중요한 발표를 삭제한 후, 이미 엎질러진 물을 후회하지 말 것을 상기하고 즉시 새로운 발표를 시작했습니다."
32,"After their argument, she gave him the cold shoulder and didn't speak to him for days.",말다툼이 끝난 후 그녀는 냉담한 태도를 보였고 며칠 동안 그와 연락을 하지 않았습니다.,그들의 논쟁 후에 그녀는 그를 차갑게 대했고 며칠 동안 그와 말을 하지 않았습니다.
33,I have bigger fish to fry.,내 코가 석자라.,또 다른 중요한 할 일이 있어요.
34,"t was only her second or third audition, and she nailed it","단지 두번째 혹은 세번째 오디션이었는데, 그녀가 제대로 해냈어!","t는 그녀의 2차 혹은 3차 오디션 뿐이었고, 그녀는 그것을 성공했습니다."
35,"I just shrugged and said, 'Beats me.'",저는 그냥 어깨를 으쓱하며 '이겼어요'라고 말했죠.,"나는 멍하니 ""나한테 물어봐""라고 말했다."
36,What on earth happened here?,도대체 무슨 일이 있었던 거죠?,도대체 여기서 무슨 일이 일어났습니까?
37,The eerie sound of footsteps in the empty hallway made my hair stand on end.,텅 빈 복도에서 들리는 섬뜩한 발자국 소리에 머리카락이 쭈뼛 서는 것 같았습니다.,빈 복도에서 울렁거리는 걸음걸이로 머리가 쭈 서게 되었습니다.
38,"When it comes to investing in this new technology, do not miss the boat; it's a game-changer.",이 새로운 기술에 투자할 때는 판도를 바꿀 수 있는 기회를 놓치지 마세요.,이 새로운 기술에 투자할 때는 기회를 놓치지 마세요. 그것은 게임 전환기입니다.
39,"When he heard the news about the delayed flight, he had to remind his impatient friend to keep your shirt on and stay calm.","비행기가 연착되었다는 소식을 들었을 때, 그는 참을성 없는 친구에게 침착함을 유지하라고 상기시켜야 했습니다.","그는 지연된 항공편에 대한 소식을 들었을 때, 급박한 친구에게 화를 내지 말고 침착해야 한다는 것을 상기시켜야 했습니다."
40,"Her friends were running late for the dinner reservation, but she told them, Don't get bent out of shape about it; I don't mind waiting a little longer.",그녀의 친구들은 저녁 식사 예약에 늦고 있었지만 그녀는 그들에게 말했습니다. 그런 일로 화내지마. 조금 더 기다려도 상관없어요.,"그녀의 친구들은 저녁 식사 예약을 위해 늦게까지 달려갔지만, 그녀는 그들에게 ""너무 화내지 마세요.""라고 말했지만, 나는 조금 더 기다릴 생각만 합니다."
41,"As she stared out of the window lost in thought, her friend asked this 'a penny for your thoughts?'","그녀기 생각에 잠긴 채 창밖을 바라보자, 그녀의 친구가 무슨 생각하냐고 물었습니다.",그녀가 생각을 잃고 창밖을 쳐다보자 그녀의 친구는 '무슨 생각 하고 있니?'라고 물었다.
42,"He tried to make things better, but to make matters worse, he just added fuel to the fire.","그는 일을 해결해 보려 했지만, 설상가상으로 문제를 더욱 악화시키기만 했다.","더 나은 모습을 만들기 위해 노력했지만, 설상가상으로 그는 불똥이 튀었다."
43,"It takes two to tango, don't you know?","손바닥도 마주쳐야 소리가 나지, 몰랐어?","손도 마주쳐야 소리가 난다고, 모르나요?"
44,A leopard cannot change its spots.,제 버릇 개 못 준다.,제 버릇 개 못 주는 법
45,a fly in the ointment.,옥의 티.,옥에 티.
46,Don't worry about the test; it's a piece of cake.,"시험 걱정하지 마세요, 누워서 떡먹기에요.",시험 걱정 마. 식은 죽 먹기야.
47,Your analysis of the problem really hit the nail on the head.,당신의 문제에 대한 분석이 정곡을 찔렀어요.,그 문제에 대한 당신의 분석이 정말 정곡을 찌른다.
48,Losing my job was a blessing in disguise; it led me to my dream career.,직장을 잃은 것이 전화위복이였어요. 제 꿈의 직장으로 이끌어줬거든요.,직장을 잃은 것은 오히려 전화위복이었습니다. 그것은 나를 꿈의 경력으로 이끌었습니다.
49,"We've been working on this project for hours, let's call it a day.","이 프로젝트 작업을 몇 시간 동안 했으니, 오늘은 그만 끝냅시다.","이 프로젝트는 몇 시간 동안 진행 중인데, 여기서 그만 해봅시다."
50,Break a leg!,행운을 빌어요!,행운을 빌어!
51,"I know you don't like confrontation, but you'll have to bite the bullet and talk to him about it.","나는 당신이 대립을 좋아하지 않는 것을 알지만, 울며 겨자먹기로 그와 이야기해야 해요","당신이 대립하는 것을 좋아하지 않는다는 것은 알지만, 당신은 울며 겨자 먹기로 그에게 그것에 대해 이야기 해야 할 것입니다."
52,"We don't have much time, so please cut to the chase and tell us what happened.","시간이 많지 않으니, 본론으로 들어가서 무슨 일이 있었는지 말해주세요.","시간이 별로 없어서, 본론으로 들어가서 무슨 일이 있었는지 말씀해 주세요."
53,You could be a narc for all I know.,당신이 마약단속반일지 알게 뭐에요.,잘은 모르지만 너는 바보일 수도 있어.
54,It takes two to tango.,손뼉도 마주쳐야 소리가 난다.,손도 마주쳐야 소리가 납니다.
55,Between the devil and the blue deep sea.,진퇴양난.,진퇴양난.
56,Drop by drop fills the tub.,한 방울씩 모여 큰 통을 채운다. 티끌모아 태산,티끌 모아 태산이다.
57,"More haste, less speed.",급할수록 돌아가라.,급할수록 돌아가라.
58,Fine feathers make fine birds.,옷이 날개다.,날개가 날개다.
59,Ignorance is bliss.,모르는 게 약이다.,모르는 게 약이다.
60,One man sow and another reaps.,재주는 곰이 부리고 돈은 되놈이 가져간다.,한 사람이 뿌리고 다른 사람이 거두게 된다.
61,You've cried wolf too many times. We'll believe it when we see it.,"콩으로 메주 쑨다고 해도 안 믿는다. 우리가 그 걸 보게 되면, 그때 믿을게.",콩으로 메주를 쑨다 해도 안 믿습니다. 우리는 그것을 보고 믿을 것입니다.
62,"And to add insult to serious injury, I've totally given up smoking, my favorite thing.",게다가 설상가상으로 난 담배도 완전히 끊었어. 내가 제일 좋아하는 건데.,게다가 심각한 부상을 입고 있어서 내가 가장 좋아하는 것인 흡연을 완전히 포기했어요.
63,"Well begun, half done.",시작이 반이다.,"막 시작했어, 절반은 끝났어."
64,One rotten apple spoils the barrel.,미꾸라지 한 마리가 온 웅덩이 흐린다.,미꾸라지 한마리가 온 웅덩이를 흐린다.
65,Speak of the devil and he will appear.,"호랑이도 제 말 하면 온다고, 그가 나타날것이다.",악마를 말하면 그가 나타날 것이다.
66,It really made it clear that a worm will turn.,지렁이도 밟으면 꿈틀한다는 사실이 정말 분명해졌습니다.,그것은 정말로 지렁이도 밟으면 꿈틀한다는 것을 알 수 있었습니다.
67,Out of the frying pan into the fire.,엎친 데 덮친 격.,여우를 피하려니 호랑이를 만난 격이다.
68,"The entrepreneur took a risk by investing in a new startup, knowing that ""nothing ventured, nothing gained."" The business became successful, and she reaped the rewards.","그 기업가는 ""호랑이 굴에 들어가야 호랑이를 잡는다""는 것을 알고 새로운 스타트업에 투자하여 위험을 감수했습니다. 사업은 성공했고 그녀는 보상을 받았습니다.","그 기업가는 ""호랑이 굴에 들어가야 호랑이를 잡는다""는 사실을 알고 새로운 스타트업에 투자함으로써 위험을 감수했습니다. 사업이 성공했고, 그녀는 보상을 받았습니다."
69,"After submitting a complaint about a faulty product, the customer hadn't received a response, but he held onto the idea that no news is good news, expecting a resolution in his favor.",고객은 결함이 있는 제품에 대한 불만 사항을 제출한 후 응답을 받지 못했지만 그는 무소식이 희소식이라는 생각을 고수하며 자신에게 유리한 해결을 기대했습니다.,불량 제품에 대한 불만을 제출한 후 고객은 응답을 받지 못했지만 무소식이 희소식이라는 생각을 고수하며 자신의 유리하게 해결이 될 것으로 기대했습니다.
70,"I've tried to discuss my feelings with her, but it's like talking to a brick wall.","그녀와 내 감정에 대해서 이야기를 해보려고 했지만, 이건 마치 소귀에 경 읽기 같아.","나는 그녀와 내 감정에 대해 논의하려고 노력했지만, 그것은 마치 벽에 대고 이야기를 나누는 것과 같습니다."
71,Money makes the mare go. Money is everything.,돈이면 귀신도 부릴 수 있다.,돈이 귀신을 부릴 수 있습니다. 돈은 모든 것입니다.
72,Her best friend stabbed her in the back and they never spoke to each other again.,"믿었던 가장 친한 친구의 도끼의 발등을 찍혔고, 그들은 다시는 서로 말을 하지 않았습니다.",그녀의 가장 친한 친구가 그녀를 배신했고 그들은 다시는 서로 말을 하지 않았습니다.
73,"The grass is greener on the other side of the fence, so you need to know how to thank yourself for what you have.","남의 떡이 커 보인다고, 그냥 가진 것에 대해 감사할 줄 알아야 해.","남의 떡이 커보여, 네가 가진 것에 대해 어떻게 감사해야 하는지 알아야 해."
74,Look before you leap.,돌다리도 두들겨 보고 건너라.,돌다리도 두드려 보고 건너라.
75,Lock the stable after the horse is stolen.,소 잃고 외양간 고치기.,소 잃고 외양간 고치다.
76,This horse is like my family.,이 말은 내 가족과 같아.,이 전화는 내 가족 같은 전화예요.
77,Let sleeping dogs lie.,긁어 부스럼 만들지 마라.,긁어 부스럼 만들지 마라.
78,It never rains but it pours.,설상 가상이다.,좋은 일이든 나쁜 일이든 한 꺼번에 일어나.
79,It is no use crying over spilt milk.,이미 엎지러진 물을 담아도 소용이 없다.,엎질러진 물이야.
80,A little learning is a dangerous thing.,선무당이 사람 잡는다.,선 무당이 사람 잡는다.
81,"Don't worry, If you need me, I'll be there at the drop of a hat.",내가 필요하면 언제든지 달려갈 테니 걱정하지마.,"걱정하지마, 네가 필요하면 곧 갈게."
82,Don't count your chickens before they are hatched.,김치 국물부터 마시지마라.,떡 줄 사람은 생각지도 않는데 김칫국부터 마신다.
83,A friend in need is a friend indeed.,어려울 때 친구가 참된 친구다.,어려울 때 친구가 진정한 친구이다.
84,A burned child dreads the fire.,자라보고 놀란가슴 솥뚜껑보고 놀란다.,불에 탄 어린아이가 놀란 가슴 솥뚜껑 보고 놀란다.
85,The pot calls the kettle black.,똥 묻은 개가 겨 묻은 개 나무란다.,똥 묻은 개가 겨 묻은 개 나무라고.
86,Walls have ears.,낮말은 새가 듣고 밤말은 쥐가 듣는다.,낮말은 새가 듣고 밤말은 쥐가 듣는다.
87,Too many cooks spoil the broth.,사공이 많으면 배가 산으로 간다.,사공이 많으면 배가 산으로 간다고.
88,Do you really agree with that the end justifies the means?,정말 너 모로 가도 서울만 가면 된다고 생각해?,목적이 수단을 정당화한다는 것에 정말로 동의합니까?
89,Every cloud has a silver lining., 하늘이 무너져도 솟아날 구멍이 있다.,하늘이 무너져도 솟아날 구멍은 있다.
90,I will eat my hat.,내 손가락에 장을 지지겠다.,내 손을 장 지진다.
91,There is no smoke without fire.,아니 땐 굴뚝에 연기 날까.,아니 땐 굴뚝에 연기 날까.
92,Every dog has his day.,쥐구멍에도 볕들 날 있다.,쥐구멍에도 볕 들 날 있다.
93,Her scheme of being a movie star is a wild-goose chase.,영화 배우가 되겠다는 그의 계획은 터무니 없는 헛소리 입니다.,영화배우라는 그녀의 계획은 헛수고다.
94,"We wanted to play touch football, but now it's raining cats and dogs, so I guess we'll stay inside.","터치 풋볼을 하고 싶었는데, 지금 비가 엄청나게 많이 와서, 안에서 지내야 할 것 같아요.",우리는 터치볼을 하고 싶었지만 지금은 비가 억수로 쏟아져서 안에 있을 것 같습니다.
95,I don't feel at all sorry that people are calling you names. You're getting a taste of your own medicine.,사람들이 너에 대해 험담 하는 것에 대해 전혀 미안하지 않아. 자업자득이야.,사람들이 당신을 비난하고 있다는 것은 전혀 유감이 없습니다. 당신은 자업자득입니다.
96,"The old farmhand is hard as nails, but he's got a heart of gold underneath the tough exterior.","늙은 머슴은 인정사정 없는 사람이지만, 그의 거친 겉모습과 다르게 안에는 좋은 마음씨를 가지고 있습니다.",옛 농수는 인정사정 없다. 하지만 그는 딱딱한 겉모습 아래에 금금을 가지고 있습니다.
97,But she still aired her dirty laundry in public.,하지만 그녀는 여전히 자신의 치부를 공공연히 드러내고 있었다.,하지만 그녀는 여전히 자신의 치부를 공개적으로 노출했습니다.
98,This is the silliest banana oil I have ever heard.,이것은 내가 들어본 아첨 중 가장 우스꽝스럽습니다.,이건 내가 들은 가장 알찬 바나나 오일이다.
99,Banana oil is also effective for diminishing blemishes such as stretch marks,바나나 오일은 또한 튼살과 같은 잡티를 줄이는 데 효과적입니다.,바나나 오일은 또한 스트레칭 마크와 같은 흠을 줄이는 데 효과적이다.
100,You will slip on a banana skin if you are not careful.,조심하지 않으면 바나나 껍질에 미끄러질 것입니다.,신중하지 않으면 실패하게 될 것입니다.
101,The new tax has proved to be a banana skin for the mayor.,새로운 세금은 시장에게 문제를 야기 시킬 것 임이 입증되었습니다.,그 새 세금은 시장에게 무용지물이라는 것을 증명했습니다.
102,I think Tom is always second banana unless Tim leave his place.,나는 Tim이 자리를 떠나지 않는 한 Tom은 항상 2 인자가 될 것이라고 생각합니다.,나는 팀이 자리를 떠나지 않는 한 톰이 항상 2인자라고 생각한다.
103,"By the skin of your teech, but you pased.",너 간신히 합격했다.,"약간의 실수지만, 당신은 무사했습니다."
104,"With such arguments looming, tour operators find themselves in a double bind.",이러한 주장이 제기되면서 여행사들은 딜레마 상태에 빠졌습니다.,"그러한 논쟁이 불거지고 있는 상황에서, 관광 사업자들은 자신을 딜레마에 빠지게 된다."
105,Do you want to buy a pig in a poke?,넌 충동구매 하고 싶어?,충동구매하고 싶어?
106,Doesn't that seem like it kills two birds with one stone?,그거 완전 일석이조 같은데?,그게 일석이조인 것 같지 않아?
107,This is a documentary on his voyage from rags to riches,이건 개천에서 용난 그의 여정에 대한 다큐멘터리 이다.,이것은 그가 개천에서 용난 항해에 관한 기록이다.
108,This is totally a piece of cake to him.,이건 그에게 완전 식은 죽 먹기라고.,그에게 이건 완전히 식은 죽 먹기다.
109,I totally slipped my mind!,완전 깜빡 했어!,깜빡 잊어버렸어!
110,"I loved the last article, but this one an global warming is icing on the cake!","이전 기사도 너무 좋았는데, 이번 지구 온난화에 대한 건 금상첨화네!","마지막 기사는 좋았지만, 지구온난화는 금상첨화야!"
111,"Eating comes first, come here and eat.","금강산도 식후경 이라고, 이리 와서 드세요.","금강산도 식후경이지, 여기 와서 먹어."
112,"I thought there is something, but I can't quite put my finger on it.","뭔가가 있다고 생각 했는데, 딱히 뭐라고 말은 못하겠어요.","뭔가 있다고 생각했는데, 딱히 집어서 뭐라고 말을 못하겠네."
113,Everyone has a skeleton in the closet.,털어서 먼지 안 나는 사람 없는 법이에요.,털어서 먼지 안나는 사람 없는 법이에요.
114,So who spilled the beans about her affair with David?,그렇다면 데이비드와의 관계에 대한 비밀을 누가 누설 했습니까?,그렇다면 누가 David와 불륜에 대해 비밀을 말했습니까?
115,Do not cast your pearls before swine.,돼지 목에 진주 목걸이 달지 마라.,돼지에게 진주 목걸이를 걸지 마세요.
116,"We were foreigners in a forbidden area, the authorities had found out and we were about to face the music.","우리는 금지된 지역에 있던 외국인이었고, 당국에 발각되어 처벌을 받을 것으로 예상되었습니다.",우리는 금지된 지역에 있는 외국인이었고 당국이 알게 됐고 우리는 벌을 마주하고 있었다.
117,Tell me about it. I just waited an hour for them to fry a chicken.,내 말이. 닭  튀기는 데 한시간이나 기다렸어.,내 말이. 나는 그들이 닭 잡는데 방금 기다렸어.
118,I want to know more details. Please tell me about it.,좀 더 자세한 내용을 알고 싶은데 알려주세요.,더 자세한 내용은 알고 싶어요. 말해 주세요.
119,Don't tell me Gomez Adams is your father. Guessin' the apple doesn't fall far from the tree.,설마 고메즈 아담스가 네 아버지니? 피는 못 속이는 구나.,고메스 Adams가 당신의 아버지라고 말하지 마세요. 구젠신(Guysin)은 피는 못 속입니다.
120,A simple way to break a bad habit.,나쁜 습관을 고칠 수 있는 단순한 방법.,나쁜 습관을 깨뜨릴 수 있는 간단한 방법.
121,"Yesterday, my mom was having a bad hair day so I decided to show her my report card this evening.","어제, 엄마가 일진이 안 좋은 하루를 보냈어요. 그래서 오늘 저녁에 성적표를 보여주기로 했어요.",어제 엄마가 일진이 안 좋아서 오늘 저녁 성적표 보여드리기로 했어요.
122,Do you heard the saying of a bad workman always blames his tools. It sounds like you.,서투른 목수가 장비 탓한다는 속담 들어 봤나요? 당신처럼 들리네요.,서투른 목수가 연장 탓한다는 말을 들었나요? 너처럼 들리네요.
123,It's a very big ask to add that kind of extra component to the standard cosmological model.,표준 우주 모델에 그런 종류의 추가 구성 요소를 추가하는 것은 매우 만만치 않은 요청입니다.,표준 우주학적 모델에 그런 추가적인 성분을 추가하는 것은 매우 어려운 일입니다.
124,Keep smiling although you are having a bad break.,일진이 사나운 날 일이라도 미소를 유지하여라.,운이 나쁘긴 하지만 계속 웃고 있어.
125,Those Chinese fireworks are so cheap. We literally get a bigger bang for our buck.,그 중국 불꽃놀이는 너무 저렴해요. 말 그대로 가성비 최고에요.,그 중국 불꽃놀이는 정말 싸다. 우리는 그야말로 우리의 돈보다 더 큰 돈을 벌게 된다.
126,Breaking my arm was a blessing in disguise. I married the nurse.,팔 부러진게 오히려 잘된 일이였어. 그 간호사랑 결혼했어.,내 팔을 부러뜨린 것은 오히려 전화위복이었습니다. 나는 간호사와 결혼했습니다.
127,You've got a chip on your shoulder about me.,너 나에 대해 불만을 가지고 있는 것 같아.,너 나한테 화가 나 있어.
128,He is a diamond in the rough.,그는 흙 속의 진주다.,그는 긁지 않은 복권이야.
129,Porsches are a dime a dozen in this area.,이 지역에는 포르셰가 흔하다.,이 지역에는 포르셰가 흔해 빠졌다.
130,"You'll be making so much money, our standard fee will be a drop in the bucket.",돈을 많이 벌게 될텐데 그 정도 비용은 새 발의 피죠.,"당신은 그렇게 많은 돈을 벌게 될 것이고, 우리의 표준 수수료는 새발의 피가 될 것입니다."
131,"When I first moved to Australia, I felt a fish out of water.","호주에 처음 갔을때, 어색하고 적응하기 힘들었어.","처음 호주로 이사 왔을 때, 기분이 어색했어요."
132,I wish I weren't a fly on the wall.,몰래 남들 구경하고 싶지 않은데.,나 몰래 구경하는 사람이 아니었으면 좋겠어.
133,"I've heard that there has been a lot of infighting, so let us remember that a house divided against itself cannot stand.","내분이 많았다고 들었는데, 뭉치면 살고 흩어지면 죽는다는 말을 기억합시다.","그간 다툼이 많이 있었다고 들었는데, 우리 모두가 서로 분열하면 망하게 된다는 것을 기억합시다."
134,"I'm not sure if I'm qualified for the job, but I have a foot in the door thanks to my friend who works there.","그 일을 할 자격이 있는지 확신이 안 서지만, 거기서 일하는 내 친구 덕분에 발을 들였다.","직업에 자격이 있는지 확실하지 않지만, 그곳에서 일하는 친구 덕분에 문에 발을 들여 놓았습니다."
135,"I'm sure everyone knows the motto: 'United we stand, divided we fall,'' he said.",뭉치면 살고 흩어지면 죽는다' 라는 말을 모두 알 것이라 생각한다.,"그는 ""우리는 독립하고, 분열하면 죽는다""라는 모토를 모두 알고 있을 것 같다."
136,"He has promised not to tell lies any more, but a leopard can't change his spots.","그는 더 이상 거짓말을 하지 않겠다고 약속했지만, 표범은 반점을 바꿀 수 없는 법이다.",그는 더이상 거짓말을 하지 않겠다고 약속했지만 제 버릇 개 못 준다.
137,A little bird told me you were having big problems.,"누군가한테 들었는데, 너 큰 고민이 있다면서.","어디서 들었는데, 너 큰 문제가 생겼다고."
138,She eats like a little bird.,아기새처럼 받아 먹네요.,그녀는 새같이 먹고 있어요.
139,He said it was all a load of cobblers.,그는 그것은 모두 순 헛소리라고 말했다.,그는 그게 모두 말도 안 되는 소리라고 말했습니다.
140,"Ever conscious that a picture paints a thousand words, Cookson interweaves multiple stories with simple visual images. ","Cookson은 백문이 불여일견 이라는 것을 인식하고, 단순한 시각적 이미지로 여러 이야기를 엮어냅니다.",백문이 불여일견이라는 사실을 항상 의식하고 있는 Cookson은 간단한 시각적 이미지로 여러 이야기들을 서로 엮는다.
141,The chairman? A safe pair of hands of course.,의장이요? 물론 믿을만한 사람이죠.,의장님? 간단한 절차요.
142,This new trend in Spanish society has also brought a sea change to restaurants specializing in lunch menus.,스페인 사회의 이 새로운 트렌드는 또한 점심을 전문으로 하는 레스토랑에 엄청난 변화를 가져다 주었다.,스페인 사회의 이러한 새로운 트렌드는 또한 점심 메뉴 전문 식당들에 엄청난 변화를 가져다 줬습니다.
143,You're a sight for sore eyes.,너를 보니 정말 반갑다.,반갑다.
144,It needs a shot in the arm.,그건 도움 되는 게 필요하다.,활력소가 필요해요.
145,Thank you for cheering me up. It was a real shot in the arm.,힘을 내게 해 주셔서 고맙습니다. 정말 큰 힘이 되었습니다.,힘내줘서 고마워. 활력소가 됐어.
146,It is a sight for sore eyes to go down to the docklands and see this hive of activity in an area which 10 years ago was completely derelict.,부두로 내려가 10년 전에는 완전히 버려졌던 지역에서 활발하게 활동하는 벌집을 보는 것은 참으로 반가운 광경입니다.,10년 전에 완전히 소실되어 있던 지역의 활동 구역을 선착장으로 내려가서 보는 것은 보기 좋은 광경입니다.
147,50 police officers to arrest two unarmed men is surely using a sledgehammer to crack a nut.,50명의 경찰이 비무장 남성 2명을 체포하는 것은 작은 일에 너무 큰 힘을 쓰는 것과 같습니다.,unarmed 남자 두 명을 체포하기 위해 50명의 경찰관이 칼을 쓰는 것은 분명 부적절합니다.
148,"He was a sorry sight, soaked to the skin and shivering.",그는 안타까운 모습으로 온 몸이 흠뻑 다 젖은 채 떨고 있었다.,"그는 안타까운 광경이었고, 상처받고 분만했습니다."
149,"Before the roof leak gets worse, let's repair it now. A stich in time saves nine.",지붕 누수가 더 심해지기 전에 지금 수리합시다. 문제를 즉각 처리하면 나중에 수고를 덜 수 있어요.,지붕 누수가 더 심해지기 전에 지금 수리합시다. 제 때의 정비법은 9건의 수고를 덜 수 있습니다.
150,The hotel is within a stone’s throw of the beach.,그 호텔은 해변에서 엎어지면 코 닿을 거리 내에 있다.,그 호텔은 바닷가와 엎어지면 코 닿을 거리에 있습니다.
151,Now you get a taste of your own medicine.,이제 넌 자업자득이다.,이제 너는 자업자득이다.
152,My elongated face is a thorn in my side.,나의 늘어진 얼굴은 고민거리이다.,팔팔한 얼굴이 내 골칫거리다.
153,"I have embarked on a secret strategy to improve the relationship between us, however: absence makes the heart grow fonder. ",그러나 나는 우리 사이의 관계를 개선하기 위해 비밀 전략에 착수했습니다. 떨어져 있으면 더욱 그리워 집니다.,"그러나 나는 우리 사이의 관계를 향상시키기 위한 비밀 전략을 착수했습니다. 즉, 부재하면 더욱 그리워지는가 봅니다."
154,That pitcher's secret weapon is his sharp curveball.,그 투수의 비장의 무기는 날카로운 커브다,그 투수의 비밀 무기는 그의 날카로운 커브입니다.
155,He ought to know better at his age.,그는 나잇값도 못한다,그는 그의 나이에 더 잘 알아야 합니다.
156,They were working against time to stay on schedule.,그들은 일정에 맞추기 위해 시간에 쫓기며 일하고 있었습니다.,그들은 일정 유지를 위해 지연 작업을 하고 있었습니다.
157,"Never been in such a situation, we are all at sea.","이런 상황에 처해본 적이 없어서, 우리는 모두 어쩔 줄 모르고 있다.","그런 상황이 된 적이 없어요, 우리는 망가져가는 중이다."
158,"You had said that you would call the police if those people harassed you again, but you didn’t. You’re all bark and no bite.","그 사람들이 다시 당신을 괴롭히면 경찰에 신고하겠다고 말했는데, 당신은 그러지 않았어요. 당신은 입만 살아서 떠들어 댈 뿐이지 그렇게 하지는 못합니다.","그 사람들이 다시 당신을 괴롭히면 경찰에 신고하겠다고 말했었지만, 당신은 하지 않았습니다. 당신은 입만 살았지 진짜 그렇게 하지는 못했습니다."
159,It's all Russian and Greek to me.,전부 러시아어 라서 전혀 못 알아 듣겠어요.,나에게는 모든 것이 러시아인과 그리스인 것 같아.
160,So it was all in a day's work for the Irishman.,그래서 그 일은 아일랜드 사람에게는 일상적인 일이야.,그래서 그것은 아일랜드인에게 아주 일상적인 일이었습니다.
161,"If you want to bring it up with the boss, I'll support you all the way.",사장님께 이 문제를 제기하고 싶으시면 제가 끝까지 지원해 드리겠습니다.,"상사에게 꺼내고 싶다면, 제가 힘을 보태겠습니다."
162,Can you untangle this thread for me? I'm all thumbs.,이 실타래를 좀 풀어줄 수 있나요? 손재주가 없어요.,내가 이 실을 엮을 수 있나요? 저는 손재주가 없어요.
163,"His new laptop cost him an arm and a leg, but he seems very satisfied with his purchase.","새 노트북을 사느라 많은 돈을 쓰긴 했지만, 그는 구매에 매우 만족하는 걸로 보여.","그의 새 노트북은 그에게 엄청난 비용이 들었지만, 그는 그의 구입에 매우 만족할 것 같습니다."
164,"The lawsuit cost his an arm and a leg, but he won.",그 소송으로 막대한 경비가 들었지만 그는 결국 승소했다.,"그 소송은 그의 허리가 휘청였지만, 그는 승소했습니다."
165,Paying his three children's tuition fees costs his an arm and a leg.,그는 세 아이들의 학비를 대느라 허리가 휘청거렸다.,세 명의 자녀 수업료를 내는 것은 그의 허리가 휘청거린다.
166,You sure have an axe to grind.,당신 분명히 꿍꿍이속이 있네.,너는 속셈이 있는 것 같아.
167,It was not an open and shut case.,그것은 단순한 사건이 아니었다.,그것은 간단히 해결할 수 있는 사건이 아니었다.
168,I can come at the drop of a hat.,나는 즉시 갈 수 있으니까.,나는 즉시 갈 수 있으니까.
169,"Because of his mistake, we had to go back to square one.",그의 실수로 모든 일이 백지로 돌아갔다.,"그의 실수 때문에, 우리는 원점으로 돌아가야 했습니다."
170,I need to go back to the drawing board.,저는 처음부터 다시 시작해야 할 필요가 있습니다.,처음부터 다시 시작해야 해요.
171,Baker's dozen.,13개.,빵집은 13개야.
172,I think we did bend over backwards.,나는 우리가 엄청 애를 썼다고 생각한다.,우리가 최선을 다한 것 같아요.
173,"As always, you are unfortunately between a rock and a hard place.","항상 그랬듯이, 당신은 불행하게도 난처한 처지에 있네요.","항상처럼, 당신은 안타깝게도 어쩔 수 없는 상황에 처해 있습니다."
174,"In a sense, the Government are between a rock and a hard place.","어떤 의미에서는, 그 정부는 진퇴양난에 빠져있다고 볼 수 있다.",전체적으로 보면 정부 쪽이 진퇴양난에 빠져 있다.
175,you can binge-watch the entire season with this set.,이 세트로 시즌 전체를 정주행 할 수 있습니다.,이번 세트로 시즌 전체를 정주행 할 수 있습니다.
176,I told you not to bite off more than you can chew.,무리 하지 말라고 말했잖아.,욕심내지 말라고 내가 너한테 말했잖아.
177,she hoped the new program would not bite the dust for lack of funding,그녀는 새로운 프로그램이 자금부족으로 망하지 않기를 희망했습니다,그녀는 새로운 프로그램이 자금 부족 때문에 헛수고 하지 않았으면 좋겠습니다.
178,I could just bite my tongue.,내가 하고픈 말을 참을 수가 있었어.,나는 참을 수 있었다.
179,"I wanted to tell him he looked ridiculous, but I bit my tongue .",우스꽝스럽다는 말이 목구멍까지 올라왔지만 참았다.,"나는 그에게 우스꽝스럽게 보인다고 말하고 싶었지만, 말을 자제했습니다."
180,Expect balmy temperatures by day and brass monkeys at night.,"낮에는 온화한 기온, 밤에는 몹시 추운 날씨 입니다.",낮마다 일교차가 크고 밤에 황무지 날씨를 기대한다.
181,"Now look, let's get down here to brass tacks.","자 보세요, 우리 여기서 본론으로 들어가죠.","이제 보자, 본론으로 들어가자."
182,They translated a bricks and mortar to the Web.,그들은 오프라인 가게를 웹으로 옮겼다.,그들은 건물들을 웹으로 번역했습니다.
183,"She stays up late every night, burning the midnight oil to study for her exams.",그녀는 시험 공부를 위해 매일 밤 새워가며 늦게까지 열심히 공부하고 있어요.,그녀는 매일 밤 늦게까지 밤새서 시험공부를 합니다.
184,"After multiple repairs and breakdowns, they finally realized they had bought a lemon and decided to cut their losses.",여러 번의 수리와 고장 끝에 그들은 마침내 속아서 쓸모 없는 것을 구입했다는 사실을 깨닫고 손실을 줄이기로 결정했습니다.,"여러 번의 수리와 고장 후에, 그들은 마침내 쓸모 없는 물건을 샀음을 깨닫고 손실을 줄이기로 결정했습니다."
185,"What's the matter, cat got your tongue?",왜 그래? 왜 말을 못해?,무슨 문제 있니? 왜 말을 안 해봐?
186,He found out about my painkiller addiction and is using it to blackmail me—he has me by the short hairs now.,그 사람은 내 진통제 중독을 알아차리고 그걸 이용해 나를 협박하고 있어요. 이제 그 사람이 완전히 나를 좌지우자 하고 있어요.,그는 제 진통제 중독에 대해 알고 나서 나를 협박하기 위해 사용하고 있습니다. 그는 나를 완전히 지배하고 있습니다.
187,If he'd known that he was to find himself seated cheek by jowl with his old enemy he wouldn't have attended the dinner. ,만일 그가 자신의 오랜 적과 가까이 앉게 될 것이라는 것을 알았다면 그는 저녁 식사에 참석하지 않았을 것입니다.,그가 자신의 옛 적과 가까이 있는 자신을 발견하려는 것을 알았더라면 저녁 식사에 참석하지 않았을 것이다.
188,It’s impossible to live on such a chicken feed salary.,그런 쥐꼬리만한 월급으로는 살 수가 없다.,그렇게 값싼 월급으로 사는 것은 불가능하다.
189,We can chow this pizza down in about two minutes!,이 피자는 약 2분 안에 다 먹을 수 있어요!,이 피자는 약 2분 안에 먹어보세요!
190,"I will be there on time, come hell or high water.",나는 제시간에 거기에 갈 것이다. 무슨 일이 있어도.,무슨 일이 있어도 나는 제 시간에 갈 것입니다.
191,That's an hour on the exercise bike. I can't do any more - I'm crackered.,운동용 자전거를 타는 한 시간입니다. 더 이상 할 수가 없어요. 완전히 기진맥진이에요.,운동 바이크 타고 있는 시간이에요. 더이상 할 수가 없어요. 저는 녹초가 되었습니다.
192,"The job interview is a week away, so I'll cross that bridge when I come to it.",면접이 아직 일주일 남아서 그건 그때가서 생각 할거다.,취업 면접이 일주일 앞으로 다가왔기 때문에 그건 그때 가서 생각하자.
193,The daily grind of taking care of three children was wearing her down.,세 자녀를 돌보는 매일의 고된 일이 그녀를 지치게 만들었습니다.,세 명의 아이들을 돌보는 일상은 그녀를 괴롭혔습니다.
194,This car is a dead ringer for the one I used to own.,이 차는 전에 내가 갖고 있던 차와 똑 닮았다.,이 차는 내가 가지고 있던 차와 꼭 닮았다.
195,They had been with him for donkey's years and knew him inside out.,그들은 그와 아주 오랫동안 지내왔고 그에 대해 속속히 알고 있었다.,그들은 그와 몇 해 동안 함께 했고 그를 내부적으로 알고 있었습니다.
196,It is not smart to bite the hands that feed you.,은혜를 원수로 갚는 것은 똑똑한 짓이 아니다.,은혜를 원수로 갚는 것은 현명하지 못하다.
197,I soon found myself head over heels in love with this girl.,나는 곧 이 여자와 홀랑 사랑에 빠져버렸다.,나는 곧 이 소녀와 사랑에 빠진 나를 발견했습니다.
198,Is it just flogging a dead horse to ask for another recount of the votes?,표결을 다시 이야기 하자고 요청하는 것은 헛수고 인가요?,투표 결과에 대한 다시 한 번 심판 청구를 하는 것은 단순한 헛수고에 불과한가?
199,"I said to him that please be careful, cause I got out of the wrong side of the bed.",꿈자리가 나빠서 나는 그에게 제발 조심하라고 말했다.,나는 그에게 꿈자리가 나빠서 조심하라고 말했습니다.
200,I just can't wrap my head around this idea.,나는이 아이디어에 대해 이해 할 수 없습니다.,이 아이디어를 도무지 이해하지 못하겠어.
201,Raphael Nadal looked like he was straight from a street gang. I guess you can't judge a book by its cover.,라파엘 나달은 길거리 갱단 출신인 것처럼 보입니다. 겉만 보고 판단할 수는 없는 것 같아요.,라파엘 나달은 자신이 바로 거리 깡패로부터 나온 것처럼 보였습니다. 겉모습으로 판단해서는 안 되는 것 같습니다.
202,"Bob's father-in-law has given him and old Rolls Royce, but it's a real white elephant.","밥의 의붓아버지는 그에게 롤스 로이스를 주었는데, 그것은 정말 돈이 드는 무용지물이다.","Bob의 장인은 그에게 옛 롤스 로이스를 주었지만, 그것은 진짜 무용지물이다."
203,People in Myanmar believe that the white elephant is holy.,미얀마의 사람들은 흰 코끼리가 신성하다고 믿습니다.,미얀마 사람들은 백문이 불여일견이라고 믿는다.
204,"She had promised not to reveal the gender of her baby, but during a chat, she inadvertently let the cat out of the bag.",아기의 성별을 밝히지 않기로 약속한 그녀는 대화 도중 우연히 비밀을 누설하게 된다.,"그녀는 아기의 성별을 공개하지 않기로 약속했지만, 채팅 중에 무심코 비밀을 폭로했습니다."
205,We have to remember that a fish rots from the head down.,우리는 윗물이 맑아야 아랫물이 맑다라는 사실을 기억해야 합니다.,우리는 윗 물이 맑아야 아랫 물이 맑다는 것을 기억해야 합니다.
206,"It started to rain harder, but we gritted our teeth and carried on.",비가 더 심하게 내리기 시작했지만 우리는 이를 악물고 계속했다.,"비가 더 세게 내리기 시작했지만, 우리는 가까스로 버텨냈고 계속 계속했습니다."
207,The marketing department put on quite a dog and pony show to impress the potential clients.,그 마케팅부는 잠재 고객들에게 인상을 심어 주기 위해 신제품 전시 행사를 진행하였다.,마케팅 부서에서는 잠재적인 고객들을 감동시키기 위해 상당히 화려한 마케팅을 벌였습니다.
208,The rainbow baby got all the love from her family.,유산 후에 얻은 아기는 가족의 사랑을 듬뿍 받았다.,유산 후의 아기가 그녀의 가족에게 모든 사랑을 받았습니다.
209,Let's not beat a dead horse anymore.,더 이상 끝난 얘기를 거론하지 말아요.,더이상 끝난 이야기를 다시 꺼내지 말자.
210,"If you back the wrong horse in the real estate market, the consequences can be painful.",부동산 시장에서 잘못된 결정을 내리면 그 결과는 고통스러울 수 있습니다.,부동산 시장에서 잘못된 결정을 다시 한다면 그 결과는 고통스러울 수 있습니다.
211,"He talks like he knows acting, but he's still a greenhorn.",그는 연기에 대해 아는 것같이 말하지만 아직 풋내기다.,그는 연기를 알고 있다고 말하지만 아직 풋내기입니다.
212,The concert you missed last night was off the chain.,어젯밤에 놓친 콘서트는 정말 좋고 신났어요.,어젯밤 놓친 콘서트는 정말 좋았어.
213,"If it had not been chaired by Humphrey Temperley, it would be pushing up the daisies.",Humphrey Temperley가 의장을 맡지 않았다면 그 의장은 죽었을 것입니다.,"만약 Humphrey Temperley가 의자에 앉지 않았다면, 그것은 죽어 갈 것입니다."
214,The toy box after the kids done playing is always a barrel of monkeys.,아이들이 놀고 나면 장난감 상자는 늘 어지러워요.,아이들이 놀고 나서 장난감 상자는 항상 혼란스럽습니다.
215,"His direct words drove home how much he cared, leaving no room for misinterpretation.","그의 직접적인 말은 그가 얼마나 관심을 갖고 있는지를 일깨워 주었고, 오해의 여지가 전혀 없었습니다.","그의 직접적인 말은 그가 얼마나 아끼는지 깨닫게 해주었고, 이로 인해 오해의 여지가 없었다."
216,"To ensure a fair testing environment for all students, the teacher must be hard and fast during the test.",모든 학생에게 공정한 시험 환경을 보장하기 위해 교사는 시험 중에 엄격해야 합니다.,모든 학생들에게 공정한 시험 환경을 보장하기 위해 선생님은 시험 동안 치열하고 철저히 해야 합니다.
217,"When disaster struck, many volunteers rushed to the affected area to lend a hand by providing support to those affected.",재난이 닥치자 많은 자원봉사자들이 피해 지역으로 달려가 피해를 입은 사람들을 도와 주었습니다.,재난이 발생했을 때 많은 자원 봉사자들이 긴급하게 피해 지역에 진출해 피해를 입은 사람들에게 지원을 함으로써 도움을 주었습니다.
218,"The unexpected discovery of oil reserves in the region is grist to the mill for the country’s economy, offering new opportunities for development and prosperity.",이 지역에서 예상치 못한 석유 매장량의 발견은 국가 경제에 큰 부담이 되며 발전과 번영을 위한 새로운 기회를 제공합니다.,이 지역의 유전 비축지가 예상치 못한 발견으로 국가 경제에 큰 도움이 되어 새로운 개발과 번영의 기회를 제공하고 있습니다.
219,Someone needs to bell the cat and inform the police that the wanted gangster is living in the suburbs.,누군가는 위험한 작업을 수행하고 수배된 갱스터가 교외에 살고 있다는 사실을 경찰에 알려야 합니다.,누군가는 위험한 일을 맡아 경찰이 원하는 깡패가 교외에 살고 있다는 것을 알려야 합니다.
220,My manager held my feet to the fire when I struggled to meet deadlines and deliver high-quality work. I knew I had to step up or face serious consequences.,나의 상사는 내가 마감일을 지키고 고품질의 작업을 수행하는 데 어려움을 겪을 때 나에게 책임을 다하도록 강요합니다. 나는 한 발 더 나서지 않으면 심각한 결과에 직면해야 한다는 것을 알았습니다.,마감일을 맞추고 질 좋은 작업을 배달하기 위해 고군분투했을 때 매니저가 책임을 다하도록 강요했습니다. 나는 내가 행동에 임해야 하거나 심각한 결과를 직면할 수 있다는 것을 알았습니다.
221,My roommate had a cow when I spilled coffee on the carpet.,내가 카펫에 커피를 쏟았을 때 룸메이트가 화를 냈습니다.,내 동기는 내가 주차장에서 커피를 쏟았을 때 화를 냈습니다.
222,No one knew if the rookie was worth his salt until he got thrust into the starting lineup.,그가 선발 라인업에 투입되기 전까지는 그 신인이 효과적일지 아무도 몰랐다.,그 신인이 선발 라인업에 뛰어들 때까지 누가 알았는지 아무도 몰랐습니다.
223,A team is never truly cohesive until its members discover they were cut from the same cloth.,팀은 구성원들이 비슷한 특성을 공유한다는 사실을 발견할 때까지 결코 진정으로 응집력이 없습니다.,한 팀은 구성원들이 같은 자질을 공유하고 있다는 것을 발견할 때까지 결코 진정으로 응집력이 없습니다.
224,"A crash course in finances taught my kids good lessons in budgeting, saving, and spending wisely.","재정에 대한 특강은 우리 아이들에게 예산을 세우고, 저축하고, 현명하게 소비하는 좋은 교훈을 가르쳐 주었습니다.","재정에 관한 특강을 통해 우리 아이들에게 예산 편성, 저축, 지출에 대해 현명한 교훈을 가르쳐 주었습니다."
225,Our efforts will bear fruit.,우리 노력이 결실을 맺을 것이다.,우리의 노력은 결실을 맺을 것입니다.
226,I’m trying to curb my sweet tooth by replacing sugary treats with healthy snacks.,저는 설탕이 든 간식을 건강한 간식으로 대체함으로써 제가 단 음식을 좋아하는 것을 억제하려고 노력하고 있습니다.,저는 설탕이 든 간식을 건강한 간식으로 대체함으로써 단 것을 억제하려고 합니다.
227,"Despite many obstacles, the relief efforts rose to the occasion and provided quick aid to the disaster victims.","많은 장애물에도 불구하고, 구호 활동은 그 상황에 대처했고 재난 피해자들에게 신속한 구호를 제공했습니다.","많은 장애에도 불구하고, 구호 노력은 이 상황에 성공하여 재난 피해자들에게 신속한 도움을 주었습니다."
228,The wealthy businessman hired an actor to pretend to be him—a man of straw—so that his identity would remain secret.,그 부유한 사업가는 그의 신분을 비밀로 유지하기 위해 그를 가장하기 위해 허수아비 같은 배우를 고용했습니다.,부유한 사업가는 배우를 고용하여 자신의 정체를 비밀로 유지하도록 했다.
229,We kept our eyes peeled for any signs of life.,우리는 생존자의 흔적이 있는지 눈이 빠지게 찾았다.,우리는 생명의 징후를 찾지 못하고 계속 눈을 떼지 못했습니다.
230,I’m not going to believe your experiment this time; it always goes down a blind alley.,나는 이번에는 당신의 실험을 믿지 않을 것입니다. 그것은 항상 막다른 골목을 지나가기 때문입니다.,이번에는 당신의 실험을 믿지 않을 것입니다. 그것은 항상 막다른 골목으로 내려가는 것입니다.
231,"Jose appeared decent, but his true nature was one who liked to live on the edge.","호세는 점잖게 보였지만, 그의 본성은 모험적인 삶을 사는 것을 좋아하는 사람이었습니다.","호세는 점잖게 보였지만, 그의 본성은 모험적인 삶을 사는 것을 좋아하는 사람이었습니다."
232,Our family is going to push the boat out and throw a huge party to celebrate my parents’ golden wedding anniversary.,우리 가족은 부모님의 금혼 기념일을 축하하기 위해 큰 파티를 열 예정입니다.,우리 가족은 부모님의 황금 결혼기념일을 축하하기 위해 잔치를 벌이고 거대한 파티를 할 것입니다.
233,The revolution tolled the death knell for the Russian monarchy.,그 혁명으로 러시아 군주제는 종말을 고했다.,혁명은 러시아 군주에게 종말을 고했습니다.
234,The owner of the business chose to take a back seat and let the board members run the company.,사업주는 덜 중요한 역할을 선택하고 이사진이 회사를 운영하도록 했습니다.,사업주는 덜 중요한 역할을 선택하고 이사진이 회사를 운영하도록 했습니다.
235,He has a rather devil-may-care attitude toward his studies.,그는 자신의 학업에 대해 다소 될대로 되라 식의 태도를 가지고 있습니다.,그는 자신의 연구에 다소 될대로 되라 식의 태도를 가지고 있습니다.
236,The American Petroleum Institute is clearing the decks for setting up many huge new projects around the globe.,미국석유연구소는 전세계적으로 많은 거대한 신규 프로젝트를 설립하기 위해 덜 중요한 일이나 방해되는 일들을 정리하고 있습니다.,미국 석유 연구소는 전 세계적으로 거대한 새로운 프로젝트를 설치하기 위한 덜 중요한 작업을 정리하고 있습니다.
237,The party leader believed that the 50-year-old sitting legislator was still a safe bet for reelection.,그 당 대표는 50세의 현직 국회의원이 틀림없이 재선할 것라고 믿었습니다.,원내대표는 50세 현직 의원이 여전히 재선에 틀림 없다고 믿었습니다.
238,"It's so cold, I'll probably catch a cold. ",너무 추워서 감기 걸릴 것 같다.,너무 추워서 아마도 감기에 걸릴 거야.
239,"Although “chicken-hearted” is mostly used as an insult, it can also be used in a friendly way when teasing someone.","두려움은 대부분 모욕으로 사용되지만, 누군가를 놀릴 때 친근하게 사용될 수도 있습니다.","“죽은 새끼”는 대부분 모욕물로 사용되지만, 누군가를 달래는 경우에도 호의적으로 사용될 수 있습니다."
240,We’ll be here till doomsday if you go blathering on.,당신이 계속 지껄여대면 우리는 영원히 여기 있을 겁니다.,당신이 망설이면 우리는 영원히 이곳에 있을 것입니다.
241,One day she’s going to be a doctor; the next she wants to study architecture. She’ll have to stop chopping and changing and make up her mind.,"그녀는 언젠가는 의사가 될 것이고, 다음에는 건축학을 공부하고 싶어합니다. 그녀는 이리저리 마음을 바꾸는 것을 멈추고 마음을 정해야 할 것입니다.",언젠가 그녀는 의사가 될 것입니다. 다음 날에는 건축을 공부하고 싶어 합니다. 그녀는 변화를 멈추고 마음을 정해야 할 것입니다.
242,The president exuded confidence as he talked about his regime's down the road.,대통령은 자신감을 풍기며 그가 이끄는 정권의 장래에 대해 언급했다.,대통령은 자신의 정권이 앞으로 나아갈 방향에 대해 이야기하면서 자신감을 드러냈습니다.
243,They live just down the road.,그들은 바로 이 도로 아래쪽에 산다.,그들은 바로 옆에 살고 있어.
244,The British had been dragging their feet concerning a single European currency.,영국은 단일 유럽 통화에 대해 질질 끌고 있었습니다.,영국인은 유럽 단일 화폐에 대해 늑장을 부리고 있었습니다.
245,"Taxpayers are no longer supporting the organizations. Therefore, the organizations must now cut their coats according to the cloth.",납세자들은 더 이상 해당 조직을 지원하지 않습니다. 그러므로 조직은 이제 분수에 맞게 살아야 합니다.,납세자는 더 이상 조직을 지원하지 않습니다. 따라서 조직은 이제 분수에 맞게 살아야 합니다.
246,"Of course we'd love a huge expensive house, but you have to cut your coat according to your cloth.","물론 아주 비싼 집이 좋기야 하지만, 그래도 뱁새가 황새 따라가면 가랑이 찢어진다.","물론 우리는 거대한 비쌌던 집을 좋아하지만, 새가 황새를 따라가면 가랑이 찢어진다."
247,City's season is rapidly turning into a damp squib.,맨시티의 시즌은 급격히 망해가고있다,도시의 시즌이 빠르게 쇠퇴하고 있습니다.
248,The party turned out to be a bit of a damp squib. Half the people who’d been invited didn’t turn up.,파티는 영 재미 없는 것으로 판명되었습니다. 초대받은 사람의 절반이 나타나지 않았습니다.,파티가 좀 망가진 것처럼 드러났습니다. 초대받은 사람들 중 절반이 나타나지 않았습니다.
249,Older workers often get a raw deal.,나이가 많은 직원들은 흔히 부당한 대우를 받는다.,늙은 노동자들은 종종 부당한 대우를 받는다.
250,They are making every effort possible to dig up dirt on the opposing contender.,그들은 상대 경쟁자의 부정부패를 파헤치기 위해 가능한 모든 노력을 기울이고 있습니다.,그들은 상대팀 후보의 부정부패를 파헤칠 수 있도록 모든 노력을 기울이고 있습니다.
251,The enemy caught our army napping.,적은 우리가 방심하고 있던 곳을 습격했다.,적은 우리 군이 방심하고 있는 것을 잡았다.
252,"So in the United States, only the federal government can coin money.","미국에서, 단지 연방정부만이 돈을 만들수 있죠.",그래서 미국에서는 연방 정부만이 코인머니를 만들 수 있습니다.
253,"What I said was not true, but he fell for it hook, line and sinker.","내가 한 말은 사실이 아니었는데, 그는 곧이곧대로 믿었다.",내가 말한 것은 사실이 아니었지만 그는 그것을 곧이곧대로 믿었습니다.
254,"Sally was popular and successful. She was nearly fifty before she learned that she, too, had feet of clay.","샐리는 인기가 있고 게다가 성공도 하였다. 그녀가 자신에게도 약점이 있다는 것을 안 것은, 그녀가 오십이 가까이 되었을 때였다.",샐리는 인기 있고 성공했습니다. 그녀는 또한 약점이 있다는 것을 알게 되기 거의 전에 있었습니다.
255,But does it have an ace up its sleeve?,하지만 그것은 비장의 무기를 가지고 있는가?,하지만 비장의 무기를 가지고 있나요?
256,The rule has to cut both ways.,룰은 어느 쪽에나 똑같이 적용되니까.,그 규칙은 두 가지 방법을 모두 적용해야 합니다.
257,I can't leave a child that is hungry and crying out in the cold.,나는 배고파하며 울고 있는 아이를 냉대 할 수 없다.,나는 배고프고 추위 속에 울고 있는 아이를 남겨두고 갈 수 없다.
258,He is the pest to his classmates. or He is left out in the cold by his classmates.,그는 급우들한테 따돌림을 받고 있다,"그는 반 친구들에게 해로운 사람이거나, 혹은 반 친구들에게 소외됩니다."
259,He always says he’ll help but when it comes to the crunch he does nothing.,그는 항상 도와주겠다고 말하지만 때가 되면 아무것도 하지 않는다.,"그는 항상 도와드리겠다고 말하지만, 때가 되면 아무 일도 하지 않는다."
260,It'll be like boiling the ocean. Don't even try.,그건 완전 불가능한 일이야. 시도 조차 하지마.,불가능한 일이 될거야. 아예 시도하지마.
261,"When parents fight over trivial matters, their children are often caught in the crossfire.",부모가 사소한 문제로 다투면 자녀에게 불똥이 튀는 경우가 많습니다.,"부모가 사소한 문제에 대해 다투었을 때, 자녀들에게 종종 불똥이 튀기게 됩니다."
262,We are going around in circles. It's such a waste of time.,우리는 계속 개미 쳇바퀴 돌 듯 돌고 있다. 이는 시간낭비이다.,우리는 개미 바퀴 돌 듯 돌고 있어요. 너무 시간과 시간을 낭비하고 있어요.
263,A blast of hot air hit us as we stepped off the plane.,우리가 비행기에서 내려서는데 훅 더운 바람이 끼쳤다.,비행기에서 발을 떼는 동안 허풍으로 인해 우리를 강타했습니다.
264,He's full of hot air.,그가 하는 얘기는 모두 허풍이다.,그는 허풍으로 가득 차 있습니다.
265,He played ducks and drakes with money without thinking.,그는 무분별하게 돈을 낭비했다.,그는 생각하지 않고 돈으로 낭비했다.
266,I’m not sure what I’ll do when the chips are down.,막상 일이 닥치면 내가 어떻게 할지는 확실히 모르겠다.,막상 일이 닥치면 내가 무엇을 할 것인지 확신이 없습니다.
267,Don't mention the chink in my armor.,나의 약점을 거론하지 마라.,내 약점에 대해서는 언급하지 마.
268,She has taken to teaching like a duck to water.,그녀는 아주 수월하게 교직에 익숙해졌다.,그녀는 아주 수월하게 가르치는 일을 시작하게 되었습니다.
269,Don't embarrass when they ask something and keep your pants on.,그들이 무엇을 물어볼 때 당황하지 말고 침착하라.,그들이 무엇인가를 요구할 때는 당황하지 말고 침착하세요.
270,The drunken man was bent out of shape.,그 술 취한 사람은 고주망태였다.,그 술 취한 남자는 화가 났습니다.
271,The knives were bent out of shape.,그 칼들은 구부러져 모양이 일그러져 있었다.,칼날이 화났어요.
272,Why are you getting bent out of shape over nothing?,아니 그깟 걸 가지고 화를 내고 그래?,왜 아무것도 아닌 일에 화를 내는 거야?
273,"In the competition among the salespeople, she came out as top dog.",판매원 사이의 경쟁에서 그 여자가 최고의 승자가 되었다.,영업사원들 사이에서 경쟁에서 그녀는 승자로 나왔다.
274,I can't take time on your problem. I have other fish to fry.,자네 문제에만 매달려 있을 수는 없단 말이야. 또 다른 중요한 할 일이 있으니까.,너 문제에만 그칠 순 없어. 또 다른 중요한 할 일이 있어.
275,a consumer watchdog,소비자 감시 단체,소비자 감시 기관
276,Don't booze around. Make a beeline for home.,술 마시고 돌아다니지 말고 곧장 집으로 오세요,술을 마시지 마세요. 집에 곧장 가세요.
