,en,ko,Results_baseline_enko,Results_baseline_koen
0,"Once upon a time, there were three beautiful butterflies.","옛날 옛적에, 세 마리의 예쁜 나비가 있었어요.",옛날에는 세 마리의 아름다운 나비가 있었다.,"In the old days, there were three pretty butterflies."
1,I felt like I have millions butterflies in my stomach.,너무 긴장 한 것 같았어요.,나는 위에 수백만 마리의 나비가 있는 것 같았어.,I felt so nervous.
2,The deal was completely open and above board.,거래는 완전히 공개되었고 명백했습니다.,그 거래는 완전히 개방되었고 이사회 위에 있었다.,The transaction was completely disclosed and clear.
3,I left the keys on the board on your porch.,현관 게시판에 열쇠를 두고 왔어요.,나는 당신의 porch에 키를 보드에 두고 왔어요.,I left the key on the front door bulletin board.
4,clean your toys in the living room. no buts!,어서 거실에 있는 장난감 정리하세요. 토 달지 말고!,거실에 있는 장난감을 깨끗하게 청소하세요! 안녕!,"Let's clean up the toys in the living room, don't go to bed!"
5,Wages were raised across the board by 12 percent. ,임금이 일률적으로 12% 인상되었다,임금은 전체에서 12% 인상되었다.,wages were uniformly raised by 12%.
6,"We can't make decisions yet, let's play it by ear.",아직 결정 내릴 수가 없어요. 상황 봐 가면서 진행합시다.,"우리는 아직 결정을 할 수 없고, 귀로 연주합시다.",I can't make a decision yet. Let's proceed with the situation.
7,"After my father-in-law said, ""Why are you making him cry?"", things went south.","시아버님이 ""왜 애를 울리냐?""라고 말씀하시고 나서부터 상황이 말리기 시작했다.","시어머니가 “왜 울게 하는 거야”라고 말한 후, 세상은 남쪽으로 갔다.","After my father-in-law said, ""Why do you cry?"", the situation began to stop."
8,He went south to a warmer climate.,그는 기후가 더 따뜻한 남쪽으로 갔다.,그는 더 따뜻한 기후로 남쪽으로 갔다.,He went to the south where the climate was warmer.
9,I didn't want to do it but he kept egging me on.,나는 그것을 하고 싶지 않았는데 그가 계속 부추겼다.,나는 하고 싶지 않았는데 그는 자꾸 나를 괴롭히고 있었어요.,"I didn't want to do it, but he continued to encourage me."
10,That politician is notorious for egging on the crowd and making them assault the police. ,그 정치인은 군중이 경찰을 공격하게끔 선동하는 걸로 악명이 높잖아요.,그 정치인은 군중에게 계란을 때리고 경찰을 폭행하는 것으로 악명이 높다.,The politician is notorious for inducing the crowd to attack the police.
11,I'd say she's doing just peachy.,내 말은 그녀가 정말 끝내주게 잘해내고 있다는 거야.,그녀는 복숭아만 하고 있다고 말할게요.,My word is that she is doing well so much.
12,Everyone there knew that he was just a sour grape.,거기 있는 모든 사람은 그가 오기를 부리는 것이라는 것을 알았다.,그곳의 모든 사람들은 그가 비단 포도에 불과하다는 것을 알고 있었다.,Everyone there knew that he was coming.
13,I can't tell which one is better because they are apples and oranges.,그 두 개가 서로 비교할 수 없는 대상이라 어떤 것이 더 좋은지 말할 수가 없다.,사과와 오렌지라서 어느 것이 더 나은지 알 수 없습니다.,It is impossible to say which one is better because the two are not comparable to each other.
14,He is a fan of both apple juice and orange juice.,그는 사과 주스와 오렌지 주스를 모두 좋아합니다.,그는 사과 주스와 오렌지 주스를 모두 좋아하는 팬입니다.,He likes both apple juice and orange juice.
15,My dream job just fell into my lap.,내가 꿈꾸던 직장이 그냥 호박채 넝쿨 굴러 들어왔다.,나의 꿈인 직업은 막 내 무릎에 떨어졌어요.,The workplace I dreamed of just bounced into a pumpkin-chip vine.
16,That's why he beat around the bush.,그래서 계속 빙빙 돌려 말하는 거죠.,그래서 그가 부풀을 니다.,That's why I keep talking around.
17,"Hey, cut me some slack. I'm only a few dollars short.","저기요, 조금만 봐 주세요. 단지 몇 달러가 부족해요.",안녕하세요. 좀 느슨하게 잘라주세요. 몇 달러밖에 안 되네요.,"Excuse me, please look at it a little bit. I just need a few dollars."
18,Danny's family told him to “break a leg” right before he went up on stage.,"대니의 가족은 무대에 오르기 직전에 그에게 ""행운을 빈다고""고 말했습니다.",대니의 가족은 그가 무대에 오르기 직전에 “다리를 끊어라”고 했다.,"Danny's family told him just before he went on stage, ""I wish you good luck."""
19,We can't cut corners when it comes to safety regulations in our factory.,우리 공장의 안전 규정에 관한 한 절차를 무시하고 대충 하는 건 안됩니다.,우리 공장의 안전 규정에 대해서는 모서리를 잘라낼 수 없습니다.,"As far as our factory's safety regulations are concerned, we should not ignore the procedures and do it in detail."
20,"with father's wine in the back, I mustn't drive too fast. Easy does it","아버지의 와인을 뒤에 싣고, 빠르게 운전 하면 안되요. 신중하게 하세요.",아버지 와인이 뒤쪽에 있는데 너무 빨리 운전하면 안 돼요. 쉬운데.,Don't carry your father's wine back and drive quickly. Do it carefully.
21,it's so random. I never know how to dress in this kind of weather.,너무 뜬금없어요. 이런 날씨에 어떻게 옷을 입어야 할지 모르겠어요.,너무 랜덤이에요. 이런 날씨에 옷을 입는 방법을 전혀 몰라요.,It's too unexpected. I don't know how to wear clothes in this weather.
22,His carefully planned road trip started to go south when the car broke down in the middle of nowhere.,신중하게 계획된 그의 여행은 갑자기 차가 고장 나면서 상황이 악화되기 시작 했습니다.,그가 신중하게 계획한 도로 여행은 갓길에 차가 고장 나면서 남쪽으로 가기 시작했다.,His carefully planned trip began to worsen as the car suddenly broke down.
23,"When the surprise guest walked in, the kids at the birthday party went bananas with excitement.",깜짝 손님이 등장하자 생일 파티에 참석한 아이들은 신나서 난리가 났어요.,깜짝 게스트가 들어올 때 생일 파티의 아이들은 신나게 바나나를 갔다.,"When a surprise guest appeared, the children who attended the birthday party were excited."
24,don't try and butter me up in order to get privileged information.,권한 있는 정보를 얻기 위해 저에게 아부하지 마세요.,특권이 있는 정보를 얻기 위해 나를 겁내지 마세요.,Don't neglect me to get the right information.
25,I love listening to this old jazz record. it never gets old!,오래된 재즈 음반을 듣는 것을 좋아합니다. 절대 질리지 않아요!,나는 이 옛날 재즈 레코드를 듣는 게 정말 좋아. 절대 늙지 않아요!,I like listening to old jazz albums. I never get tired of it!
26,You're young and healthy and you have no commitments. The world is your oyster.,당신은 젊고 건강하며 책임 져야 할 일이 없습니다. 세상은 당신의 것이다.,젊고 건강하며 약속이 없습니다. 세상은 당신의 굴입니다.,"You are young, healthy, and have nothing to take responsibility for. The world is yours."
27,you already finished project? you are really on the ball.,벌써 프로젝트 끝냈다고? 너 진짜 똑똑하구나.,당신은 이미 프로젝트를 완료했나요? 정말 공을 타고 있어요.,Are you already finished the project? You're really smart.
28,She told him that you're barking up the wrong tree because she had no idea.,"그녀는 당신이 헛다리 짚고 있다고 말했는데, 그녀는 아는 것이 전혀 없었기 때문이다.",그녀는 당신이 알 수 없어서 나무를 잘못 꼬고 있다고 말했어요.,"She said you were lying down, because she didn't know anything at all."
29,"the bookworms and the science enthusiasts formed close friendships, proving that birds of a feather flock together.","책벌레와 과학 애호가들이 밀접한 우정을 형성하여, 유유상종 임을 증명한다.",책벌레와 과학 애호가들은 밀접한 우정을 형성하여 깃털의 새들이 함께 모여들는 것을 증명하였다.,Bookworms and science lovers form close friendships to prove that they are Yuyusangjong.
30,"His coach reminded him, 'Don't count your chickens before they hatch' to keep him focused on the upcoming match.",코치가 '김칫국 마시지 말라'는 말을 상기시키며 다가오는 경기에 집중할 수 있도록 했습니다.,그의 감독은 이번 경기에 집중할 수 있도록 '닭이 개질 전에 세지 말라'고 일깨워줬다.,"The coach reminded me of the words ""Don't drink kimchi soup,"" so that he could focus on the upcoming game."
31,"After accidentally deleting his important presentation, he reminded himself not to cry over spilled milk and immediately started working on a new one.","중요한 프레젠테이션을 실수로 삭제한 후, 그는 엎질러진 물이라고, 스스로에게 다짐하고 즉시 새 프레젠테이션 작업을 시작했습니다.","우연히 중요한 발표를 삭제한 뒤, 젖이 흘려서 울지 말라는 것을 상기하고 곧바로 새로운 작품을 작업하기 시작했다.","After deleting an important presentation by mistake, he vowed to himself that it was fallen water and immediately started a new presentation."
32,"After their argument, she gave him the cold shoulder and didn't speak to him for days.",말다툼이 끝난 후 그녀는 냉담한 태도를 보였고 며칠 동안 그와 연락을 하지 않았습니다.,그들의 논쟁 끝에 그녀는 그에게 차가운 어깨를 주고 며칠 동안 그와 대화하지 않았다.,"After the argument, she showed a cold attitude and did not contact him for several days."
33,I have bigger fish to fry.,내 코가 석자라.,나는 튀길 물고기가 더 많아요.,My nose is a stone.
34,"t was only her second or third audition, and she nailed it","단지 두번째 혹은 세번째 오디션이었는데, 그녀가 제대로 해냈어!","그녀는 두 번째 혹은 세 번째 오디션에 불과했고, 그것을 못 못 쳤다.","It was just the second or third audition, but she did it properly!"
35,"I just shrugged and said, 'Beats me.'",저는 그냥 어깨를 으쓱하며 '이겼어요'라고 말했죠.,나는 그저 고개를 끄덕이고 '내 몸을 감싸라'고 했다.,"I just shook my shoulders and said, ""I won."""
36,What on earth happened here?,도대체 무슨 일이 있었던 거죠?,여기서 도대체 무슨 일이 일어났나요?,What happened?
37,The eerie sound of footsteps in the empty hallway made my hair stand on end.,텅 빈 복도에서 들리는 섬뜩한 발자국 소리에 머리카락이 쭈뼛 서는 것 같았습니다.,텅 빈 복도에서 발길은 울퉁불퉁한 소리 때문에 머리는 끝까지 서 있었다.,I felt like my hair was standing on the sound of savory footprints heard in the empty hallway.
38,"When it comes to investing in this new technology, do not miss the boat; it's a game-changer.",이 새로운 기술에 투자할 때는 판도를 바꿀 수 있는 기회를 놓치지 마세요.,"이 신기술 투자에 있어서 배를 놓치지 마세요, 게임 바꾸기입니다.","When investing in this new technology, don't miss the opportunity to change the landscape."
39,"When he heard the news about the delayed flight, he had to remind his impatient friend to keep your shirt on and stay calm.","비행기가 연착되었다는 소식을 들었을 때, 그는 참을성 없는 친구에게 침착함을 유지하라고 상기시켜야 했습니다.",비행 지연 소식을 들은 그는 급박한 친구에게 셔츠를 입고 차분하게 지내라는 것을 상기해야 했다.,"When he heard that the flight was delayed, he had to remind his unsatisfied friend to maintain calmness."
40,"Her friends were running late for the dinner reservation, but she told them, Don't get bent out of shape about it; I don't mind waiting a little longer.",그녀의 친구들은 저녁 식사 예약에 늦고 있었지만 그녀는 그들에게 말했습니다. 그런 일로 화내지마. 조금 더 기다려도 상관없어요.,"저녁 예약을 위해 친구들이 늦은 시간에 달려가고 있었는데, 그녀는 “몸이 꼬이지 말고 조금 더 기다리면 상관없다”고 말했다.","Her friends were late to make a dinner reservation, but she told them. I don't want to be angry about that. I can wait a little longer."
41,"As she stared out of the window lost in thought, her friend asked this 'a penny for your thoughts?'","그녀기 생각에 잠긴 채 창밖을 바라보자, 그녀의 친구가 무슨 생각하냐고 물었습니다.","사색에 빠진 채 창밖을 쳐다보자, 친구는 이 '생각에 대한 한 푼'을 물었다.","When she looked out of the window with her thoughts in mind, her friend asked what she was thinking."
42,"He tried to make things better, but to make matters worse, he just added fuel to the fire.","그는 일을 해결해 보려 했지만, 설상가상으로 문제를 더욱 악화시키기만 했다.","좀 더 나아지려고 노력했지만, 설상가상으로 불에 연료만 추가했다.","He tried to solve the problem, but it only worsened the problem."
43,"It takes two to tango, don't you know?","손바닥도 마주쳐야 소리가 나지, 몰랐어?","탱고에 두 번 걸리는데, 아시나요?","You have to touch your palms to make a sound, didn't you know?"
44,A leopard cannot change its spots.,제 버릇 개 못 준다.,박쥐는 결점을 바꿀 수 없습니다.,I can't give my dog my habit.
45,a fly in the ointment.,옥의 티.,연고에 풍선이 날아든다.,The tea of ox.
46,Don't worry about the test; it's a piece of cake.,"시험 걱정하지 마세요, 누워서 떡먹기에요.","시험 걱정하지 마세요, 케이크 한 조각입니다.","Don't worry about the exam, it's sitting down and eating rice cakes."
47,Your analysis of the problem really hit the nail on the head.,당신의 문제에 대한 분석이 정곡을 찔렀어요.,당신의 문제에 대한 분석은 정말 머리의 못을 강타했어요.,The analysis of your problem stabbed my nose.
48,Losing my job was a blessing in disguise; it led me to my dream career.,직장을 잃은 것이 전화위복이였어요. 제 꿈의 직장으로 이끌어줬거든요.,"직업 상실은 위장의 축복이었고, 꿈이 된 진로로 이어졌다.",The loss of my job was a phone break. It led me to my dream job.
49,"We've been working on this project for hours, let's call it a day.","이 프로젝트 작업을 몇 시간 동안 했으니, 오늘은 그만 끝냅시다.","우리는 이 프로젝트를 몇 시간 동안 진행해왔는데, 하루로 부르자.","I've worked on this project for several hours, so let's stop today."
50,Break a leg!,행운을 빌어요!,다리를 깨세요!,I wish you good luck!
51,"I know you don't like confrontation, but you'll have to bite the bullet and talk to him about it.","나는 당신이 대립을 좋아하지 않는 것을 알지만, 울며 겨자먹기로 그와 이야기해야 해요","난 네가 대립을 싫어하는 건 알지만, 총알을 쏘고 그 사람한테 얘기해야 할 거야.","I know you don't like confrontation, but I have to cry and talk to him."
52,"We don't have much time, so please cut to the chase and tell us what happened.","시간이 많지 않으니, 본론으로 들어가서 무슨 일이 있었는지 말해주세요.","시간이 많지 않으니, 추격으로 잘라서 무슨 일이 있었는지 알려주세요.","I don't have much time, so please go to the main discussion and tell me what happened."
53,You could be a narc for all I know.,당신이 마약단속반일지 알게 뭐에요.,당신은 내가 아는 모든 사람에게 이 될 수 있습니다.,I don't know if you're a drug control team.
54,It takes two to tango.,손뼉도 마주쳐야 소리가 난다.,탱고는 두 번 걸리네요.,The sound can be made only when you face each other.
55,Between the devil and the blue deep sea.,진퇴양난.,악마와 푸른 깊은 바다 사이에요.,It's a crisis of degenerativeness.
56,Drop by drop fills the tub.,한 방울씩 모여 큰 통을 채운다. 티끌모아 태산,방울에 의해 물방울이 튜브를 채워줍니다.,It gathers one drop and fills a large bottle.
57,"More haste, less speed.",급할수록 돌아가라.,"빠른 속도, 느린 속도입니다.",Turn back as you get more urgent.
58,Fine feathers make fine birds.,옷이 날개다.,고운 깃털은 고운 새를 만들어요.,The clothes are wings.
59,Ignorance is bliss.,모르는 게 약이다.,무관심은 무복입니다.,What you don't know is medicine.
60,One man sow and another reaps.,재주는 곰이 부리고 돈은 되놈이 가져간다.,한 사람이 싹을 고 또 다른 사람이 열매를 니다.,The bear takes the skill and the money is taken by the man.
61,You've cried wolf too many times. We'll believe it when we see it.,"콩으로 메주 쑨다고 해도 안 믿는다. 우리가 그 걸 보게 되면, 그때 믿을게.",네가 늑대를 너무 많이 울었어. 우리는 그것을 볼 때 믿을 거야.,"I don't believe it even if we make rice with beans, but I'll believe it when we see it."
62,"And to add insult to serious injury, I've totally given up smoking, my favorite thing.",게다가 설상가상으로 난 담배도 완전히 끊었어. 내가 제일 좋아하는 건데.,그리고 심각한 상해에 모욕을 더하기 위해 나는 가장 좋아하는 흡연을 완전히 포기했다.,"In addition, I completely quit cigarettes. It's my favorite thing."
63,"Well begun, half done.",시작이 반이다.,이미 시작되었고 절반은 끝났습니다.,The start is half.
64,One rotten apple spoils the barrel.,미꾸라지 한 마리가 온 웅덩이 흐린다.,썩은 사과 한 개가 통을 니다.,A loach clouds the whole pool.
65,Speak of the devil and he will appear.,"호랑이도 제 말 하면 온다고, 그가 나타날것이다.",악마를 말하면 그가 나타날 것입니다.,"The tiger will come when I say it, and he will appear."
66,It really made it clear that a worm will turn.,지렁이도 밟으면 꿈틀한다는 사실이 정말 분명해졌습니다.,그것은 정말 벌레가 돌게 될 것임을 분명히 해 주었다.,It has become so clear that the worms also squirt when it is stepped on.
67,Out of the frying pan into the fire.,엎친 데 덮친 격.,프라이팬에서 불이 나네요.,It's a mess.
68,"The entrepreneur took a risk by investing in a new startup, knowing that ""nothing ventured, nothing gained."" The business became successful, and she reaped the rewards.","그 기업가는 ""호랑이 굴에 들어가야 호랑이를 잡는다""는 것을 알고 새로운 스타트업에 투자하여 위험을 감수했습니다. 사업은 성공했고 그녀는 보상을 받았습니다.","기업가는 '벤처는 하나도 없고, 얻는 것도 없다'는 사실을 알고 새로운 스타트업에 투자하며 위험을 감수했고, 사업이 성공했고, 그녀는 그 대가를 버다.","The entrepreneur took risk by investing in a new start-up knowing that ""it is necessary to go into a tiger cave to catch the tiger,"" and the business succeeded and she was rewarded."
69,"After submitting a complaint about a faulty product, the customer hadn't received a response, but he held onto the idea that no news is good news, expecting a resolution in his favor.",고객은 결함이 있는 제품에 대한 불만 사항을 제출한 후 응답을 받지 못했지만 그는 무소식이 희소식이라는 생각을 고수하며 자신에게 유리한 해결을 기대했습니다.,"고객이 불량 제품에 대한 민원을 제출한 뒤 별다른 답변을 받지 못했지만, 자신이 유리한 결론이 나올 것으로 보고 뉴스가 좋은 뉴스는 아니라는 생각을 고수했다.","The customer did not receive a response after submitting complaints about defective products, but he kept the idea that no news was good and expected a solution that was favorable to him."
70,"I've tried to discuss my feelings with her, but it's like talking to a brick wall.","그녀와 내 감정에 대해서 이야기를 해보려고 했지만, 이건 마치 소귀에 경 읽기 같아.","그녀와의 감정을 논의하려고 노력했지만, 벽돌벽과 대화하는 것 같다.","I tried to talk about my feelings with her, but this looks like a reading of Sogwi."
71,Money makes the mare go. Money is everything.,돈이면 귀신도 부릴 수 있다.,돈이 허를 니다. 돈은 모든 것이에요.,"If you have money, you can get ghosts."
72,Her best friend stabbed her in the back and they never spoke to each other again.,"믿었던 가장 친한 친구의 도끼의 발등을 찍혔고, 그들은 다시는 서로 말을 하지 않았습니다.","그녀의 가장 친한 친구가 뒤를 찔렀고, 다시는 대화하지 않았다.","He was hit by the nail of his closest friend, and they didn't talk to each other again."
73,"The grass is greener on the other side of the fence, so you need to know how to thank yourself for what you have.","남의 떡이 커 보인다고, 그냥 가진 것에 대해 감사할 줄 알아야 해.",울타리 건너편에는 잔디가 더 푸르러서 네가 가진 것에 대해 어떻게 감사해야 하는지 알아야 한다.,"It looks like others' rice cakes are big, and you should just be grateful for what you have."
74,Look before you leap.,돌다리도 두들겨 보고 건너라.,당신이 도약하기 전에 봐.,Turn on the stone bridge and cross it.
75,Lock the stable after the horse is stolen.,소 잃고 외양간 고치기.,"말의 도난이 일어난 후, 침대를 니다.",I lose a cow and repair the home.
76,This horse is like my family.,이 말은 내 가족과 같아.,이 말은 내 가족 같은 말이에요.,This is like my family.
77,Let sleeping dogs lie.,긁어 부스럼 만들지 마라.,잠자는 개를 거짓말하게 해주세요.,Don't scratch it and make a sprout.
78,It never rains but it pours.,설상 가상이다.,비가 오지는 않지만 비가 펑펑 내리겠습니다.,It is virtual.
79,It is no use crying over spilt milk.,이미 엎지러진 물을 담아도 소용이 없다.,우물우유에 울고 있는 것은 소용이 없습니다.,"Even if you put the water that has already fallen down, it is not useful."
80,A little learning is a dangerous thing.,선무당이 사람 잡는다.,약간의 학습은 위험한 일입니다.,Seonmudang catches people.
81,"Don't worry, If you need me, I'll be there at the drop of a hat.",내가 필요하면 언제든지 달려갈 테니 걱정하지마.,"걱정하지 마세요, 내가 필요하면 모자 방울에 있을게요.","I will run whenever I need it, so don't worry."
82,Don't count your chickens before they are hatched.,김치 국물부터 마시지마라.,닭이 개질되기 전에 계산하지 마세요.,Don't drink kimchi soup first.
83,A friend in need is a friend indeed.,어려울 때 친구가 참된 친구다.,어려운 친구는 정말 친구입니다.,A friend is a true friend when it's difficult.
84,A burned child dreads the fire.,자라보고 놀란가슴 솥뚜껑보고 놀란다.,불에 탄 아이가 화재를 두려워합니다.,I'm surprised to see the chest pot lid.
85,The pot calls the kettle black.,똥 묻은 개가 겨 묻은 개 나무란다.,그 냄비는 케틀을 검은색이라고 해요.,It's a dog with sucked hair.
86,Walls have ears.,낮말은 새가 듣고 밤말은 쥐가 듣는다.,벽은 귀를 가지고 있습니다.,The bird listens to the daytime and the rat hears the nighttime.
87,Too many cooks spoil the broth.,사공이 많으면 배가 산으로 간다.,너무 많은 조리사가 육수를 니다.,"If there are many scaffolds, the ship goes to the mountain."
88,Do you really agree with that the end justifies the means?,정말 너 모로 가도 서울만 가면 된다고 생각해?,그 끝은 그 수단을 정당화한다는 것에 정말 동의하나요?,Do you really think you just need to go to Seoul?
89,Every cloud has a silver lining., 하늘이 무너져도 솟아날 구멍이 있다.,모든 구름에는 은줄이 있다.,There is a hole that will rise even if the sky collapses.
90,I will eat my hat.,내 손가락에 장을 지지겠다.,저는 제 모자를 먹을 것입니다.,I'll fix my fingers.
91,There is no smoke without fire.,아니 땐 굴뚝에 연기 날까.,불이 없는 연기는 없습니다.,I don't know if there will be smoke in the chimney.
92,Every dog has his day.,쥐구멍에도 볕들 날 있다.,모든 개는 자신의 날이 있어요.,There is also a sunning day in the mouse hole.
93,Her scheme of being a movie star is a wild-goose chase.,영화 배우가 되겠다는 그의 계획은 터무니 없는 헛소리 입니다.,영화 스타라는 그녀의 계략은 야생 여우 추격이다.,His plan to become a movie actor is an unreasonable false word.
94,"We wanted to play touch football, but now it's raining cats and dogs, so I guess we'll stay inside.","터치 풋볼을 하고 싶었는데, 지금 비가 엄청나게 많이 와서, 안에서 지내야 할 것 같아요.",우리는 터치풋볼을 하고 싶었는데 지금은 고양이와 개들이 비가 와서 안에 있을 것 같아요.,"I wanted to play touch football, but it's raining a lot now, so I think I'll have to stay inside."
95,I don't feel at all sorry that people are calling you names. You're getting a taste of your own medicine.,사람들이 너에 대해 험담 하는 것에 대해 전혀 미안하지 않아. 자업자득이야.,사람들이 이름을 불러서 정말 미안하지 않아요. 자신의 약을 맛보고 있어요.,I'm not sorry for people complaining about you at all.
96,"The old farmhand is hard as nails, but he's got a heart of gold underneath the tough exterior.","늙은 머슴은 인정사정 없는 사람이지만, 그의 거친 겉모습과 다르게 안에는 좋은 마음씨를 가지고 있습니다.","늙은 농부는 손톱처럼 딱딱하지만, 단단한 외관 아래 금의 마음을 갖고 있다.","The old servant is a person who is irresponsible, but unlike his rough appearance, he has a good spirit inside."
97,But she still aired her dirty laundry in public.,하지만 그녀는 여전히 자신의 치부를 공공연히 드러내고 있었다.,하지만 그녀는 여전히 더러운 빨래를 공개적으로 내보냈다.,"However, she was still openly revealing her shame."
98,This is the silliest banana oil I have ever heard.,이것은 내가 들어본 아첨 중 가장 우스꽝스럽습니다.,이 바나나 기름은 내가 들은 가장 부드러운 바나나 기름입니다.,This is the most absurd one I've heard.
99,Banana oil is also effective for diminishing blemishes such as stretch marks,바나나 오일은 또한 튼살과 같은 잡티를 줄이는 데 효과적입니다.,바나나 오일은 스트레칭 마크와 같은 얼룩을 줄이는 데 효과도 있다.,바나나 oil is also effective in reducing dizziness such as scalp.
100,You will slip on a banana skin if you are not careful.,조심하지 않으면 바나나 껍질에 미끄러질 것입니다.,조심하지 않으면 바나나 껍질에 미끄러지게 됩니다.,"If you are not careful, you will slip into the banana shell."
101,The new tax has proved to be a banana skin for the mayor.,새로운 세금은 시장에게 문제를 야기 시킬 것 임이 입증되었습니다.,새 세금은 시장에게 바나나 스킨이 되는 것이 증명됐다.,It has been proven that new taxes will cause problems to the market.
102,I think Tom is always second banana unless Tim leave his place.,나는 Tim이 자리를 떠나지 않는 한 Tom은 항상 2 인자가 될 것이라고 생각합니다.,나는 톰이 그 자리를 떠나지 않는 한 항상 두 번째 바나나라고 생각해요.,I think Tom will always be the second factor unless Tim leaves.
103,"By the skin of your teech, but you pased.",너 간신히 합격했다.,"티치 피부에는 멍이 지만, 당신은 멍을 어요.",You barely passed the exam.
104,"With such arguments looming, tour operators find themselves in a double bind.",이러한 주장이 제기되면서 여행사들은 딜레마 상태에 빠졌습니다.,이러한 논쟁들이 예고되면서 관광 사업자들은 스스로를 이중의 굴레에 놓게 된다.,"As these claims were raised, travel agencies were in a dilemma."
105,Do you want to buy a pig in a poke?,넌 충동구매 하고 싶어?,당신은 피케에 돼지를 사려고 하나요?,Do you want to make an impulse purchase?
106,Doesn't that seem like it kills two birds with one stone?,그거 완전 일석이조 같은데?,그것은 하나의 돌로 두 개의 새를 죽이는 것 같지 않나요?,"It looks like it's a one-on-one, right?"
107,This is a documentary on his voyage from rags to riches,이건 개천에서 용난 그의 여정에 대한 다큐멘터리 이다.,이 책은 그의 뱃길에서 풍요로까지의 항해에 대한 다큐멘터리입니다.,This is a documentary about his journey from Gaecheon.
108,This is totally a piece of cake to him.,이건 그에게 완전 식은 죽 먹기라고.,이건 그에게 완전한 케이크입니다.,This is to eat a porridge that is completely suffocated to him.
109,I totally slipped my mind!,완전 깜빡 했어!,저는 완전히 마음을 빠져버렸어요!,I didn't forget!
110,"I loved the last article, but this one an global warming is icing on the cake!","이전 기사도 너무 좋았는데, 이번 지구 온난화에 대한 건 금상첨화네!","마지막 기사는 정말 좋았는데, 이 기사는 지구 온난화가 케이크에 다!","The previous article was very good, but this global warming is a great pleasure!"
111,"Eating comes first, come here and eat.","금강산도 식후경 이라고, 이리 와서 드세요.","식사가 먼저예요, 여기 와서 먹으세요.","Geumgangsan Mountain is also a scenic view, so come here and eat."
112,"I thought there is something, but I can't quite put my finger on it.","뭔가가 있다고 생각 했는데, 딱히 뭐라고 말은 못하겠어요.","뭔가 있는 줄 알았는데, 제가 손가락을 제대로  수 없어요.","I thought there was something, but I can't say anything."
113,Everyone has a skeleton in the closet.,털어서 먼지 안 나는 사람 없는 법이에요.,모든 사람은 옷장에 골격을 가지고 있어요.,It's a way that there's no person who doesn't get dust by washing it out.
114,So who spilled the beans about her affair with David?,그렇다면 데이비드와의 관계에 대한 비밀을 누가 누설 했습니까?,그렇다면 누가 데이비드와의 불륜에 대해 콩을 퍼뜨렸나요?,Then who leaked the secrets about his relationship with David?
115,Do not cast your pearls before swine.,돼지 목에 진주 목걸이 달지 마라.,돼지에 앞서 진주를 주짓지 마세요.,Don't hang a pearl necklace on the pig's neck.
116,"We were foreigners in a forbidden area, the authorities had found out and we were about to face the music.","우리는 금지된 지역에 있던 외국인이었고, 당국에 발각되어 처벌을 받을 것으로 예상되었습니다.","우리는 금지된 지역에 있는 외국인이었고, 당국이 알아냈고 우리는 음악을 마주하고 있었다.",We were foreigners in banned areas and were expected to be caught by the authorities and punished.
117,Tell me about it. I just waited an hour for them to fry a chicken.,내 말이. 닭  튀기는 데 한시간이나 기다렸어.,그거 알려주세요. 그냥 닭을 튀기 위해 한 시간 기다렸어요.,My words. I waited an hour for fried chicken.
118,I want to know more details. Please tell me about it.,좀 더 자세한 내용을 알고 싶은데 알려주세요.,좀 더 자세한 내용을 알고 싶은데 알려주세요.,"I want to know more details, please let me know."
119,Don't tell me Gomez Adams is your father. Guessin' the apple doesn't fall far from the tree.,설마 고메즈 아담스가 네 아버지니? 피는 못 속이는 구나.,고메스 애덤스가 당신의 아버지라고 말하지 마세요. 구스틴의 사과는 나무에서 멀리 떨어지지 않습니다.,Is Gomez Adams your father? I can't deceive the blood.
120,A simple way to break a bad habit.,나쁜 습관을 고칠 수 있는 단순한 방법.,나쁜 습관을 깨는 간단한 방법.,A simple way to fix bad habits.
121,"Yesterday, my mom was having a bad hair day so I decided to show her my report card this evening.","어제, 엄마가 일진이 안 좋은 하루를 보냈어요. 그래서 오늘 저녁에 성적표를 보여주기로 했어요.",어제 엄마 머리가 좋지 않아서 오늘 저녁에 성적표 보여주기로 했어요.,"Yesterday, my mom had a bad day. So I decided to show you the report card today evening."
122,Do you heard the saying of a bad workman always blames his tools. It sounds like you.,서투른 목수가 장비 탓한다는 속담 들어 봤나요? 당신처럼 들리네요.,나쁜 일을 하는 사람이 항상 도구를 탓한다는 말을 들었나요? 당신처럼 들리네요.,Have you heard the proverb that a stubborn monk blames for equipment? It sounds like you.
123,It's a very big ask to add that kind of extra component to the standard cosmological model.,표준 우주 모델에 그런 종류의 추가 구성 요소를 추가하는 것은 매우 만만치 않은 요청입니다.,표준 우주모형에 그런 추가 성분을 추가하는 것은 매우 큰 요구입니다.,Adding such a kind of additional component to the standard space model is a very difficult request.
124,Keep smiling although you are having a bad break.,일진이 사나운 날 일이라도 미소를 유지하여라.,당신은 쉬는 시간이 좋지 않지만 계속 웃고 있어요.,Keep your smile even if it's a bad day.
125,Those Chinese fireworks are so cheap. We literally get a bigger bang for our buck.,그 중국 불꽃놀이는 너무 저렴해요. 말 그대로 가성비 최고에요.,그 중국 불꽃놀이는 너무 저렴해요. 우리는 말 그대로 더 큰 폭탄을 얻게 돼요.,The Chinese fireworks are too cheap. It's literally the best cost-effectiveness.
126,Breaking my arm was a blessing in disguise. I married the nurse.,팔 부러진게 오히려 잘된 일이였어. 그 간호사랑 결혼했어.,내 팔을 깨는 것은 위장의 축복이었다. 나는 간호사와 결혼했어요.,It was rather good to break my arm. I got married to the nurse.
127,You've got a chip on your shoulder about me.,너 나에 대해 불만을 가지고 있는 것 같아.,당신은 내 어깨에 칩이 생겼어요.,I think you are dissatisfied with me.
128,He is a diamond in the rough.,그는 흙 속의 진주다.,그는 험한 곳에 있는 다이아몬드입니다.,He is a pearl in the soil.
129,Porsches are a dime a dozen in this area.,이 지역에는 포르셰가 흔하다.,포르쉐는 이 지역에서 십 개씩 달린다.,Painters are common in this area.
130,"You'll be making so much money, our standard fee will be a drop in the bucket.",돈을 많이 벌게 될텐데 그 정도 비용은 새 발의 피죠.,"당신은 돈을 많이 벌게 될 것이고, 우리의 표준 요금은 버킷에서 쪼그라들 겁니다.","I'll earn a lot of money, but that cost will be a new one."
131,"When I first moved to Australia, I felt a fish out of water.","호주에 처음 갔을때, 어색하고 적응하기 힘들었어.",호주로 처음 이사를 갔을 때 물에 빠진 물고기가 느껴졌다.,"When I first went to Australia, it was awkward and difficult to adapt."
132,I wish I weren't a fly on the wall.,몰래 남들 구경하고 싶지 않은데.,나는 벽에 날아가지 않았으면 좋겠어.,I don't want to see others secretly.
133,"I've heard that there has been a lot of infighting, so let us remember that a house divided against itself cannot stand.","내분이 많았다고 들었는데, 뭉치면 살고 흩어지면 죽는다는 말을 기억합시다.","그동안 쟁의가 많았다고 들었는데, 그 자체로 분열된 집도 견딜 수 없다는 것을 기억해보자.","I heard there were many internal conflicts, let's remember that if we unite, we live and if we disperse, we die."
134,"I'm not sure if I'm qualified for the job, but I have a foot in the door thanks to my friend who works there.","그 일을 할 자격이 있는지 확신이 안 서지만, 거기서 일하는 내 친구 덕분에 발을 들였다.","직업에 대한 자격이 있는지는 모르겠지만, 그곳에서 일하는 친구 덕분에 문에 발이 있다.","I am not sure if I am qualified to do that job, but I stepped on thanks to my friend who works there."
135,"I'm sure everyone knows the motto: 'United we stand, divided we fall,'' he said.",뭉치면 살고 흩어지면 죽는다' 라는 말을 모두 알 것이라 생각한다.,"그는 ""우리는 똑바로 서고, 우리는 갈라진다""라는 모토를 누구나 알고 있을 것""이라고 말했다.","I think you will know all the words, ""If you unite, you live and if you disperse, you die."""
136,"He has promised not to tell lies any more, but a leopard can't change his spots.","그는 더 이상 거짓말을 하지 않겠다고 약속했지만, 표범은 반점을 바꿀 수 없는 법이다.","그는 더 이상 거짓말을 하지 않겠다고 약속했지만, 황반은 자신의 위치를 바꿀 수 없다.","He promised no longer to lie, but the villain can't change the point."
137,A little bird told me you were having big problems.,"누군가한테 들었는데, 너 큰 고민이 있다면서.",작은 새가 당신에게 큰 문제가 있다고 말했어요.,I heard from someone that you have a big concern.
138,She eats like a little bird.,아기새처럼 받아 먹네요.,그녀는 작은 새처럼 먹고 있어요.,I get it like a baby bird.
139,He said it was all a load of cobblers.,그는 그것은 모두 순 헛소리라고 말했다.,그는 그것은 모두 러들의 부하라고 했습니다.,He said that it was all pure false sounds.
140,"Ever conscious that a picture paints a thousand words, Cookson interweaves multiple stories with simple visual images. ","Cookson은 백문이 불여일견 이라는 것을 인식하고, 단순한 시각적 이미지로 여러 이야기를 엮어냅니다.","그림은 천개의 단어를 칠한다는 것을 의식할 때, 쿡슨은 단순한 시각적 이미지로 여러 이야기들을 교차시킨다.","Cookson recognizes that white doors are invisible, and draws several stories with simple visual images."
141,The chairman? A safe pair of hands of course.,의장이요? 물론 믿을만한 사람이죠.,회장님입니까? 당연히 안전한 한 쌍의 손입니다.,"Are you the chairman? Of course, he's a reliable person."
142,This new trend in Spanish society has also brought a sea change to restaurants specializing in lunch menus.,스페인 사회의 이 새로운 트렌드는 또한 점심을 전문으로 하는 레스토랑에 엄청난 변화를 가져다 주었다.,스페인 사회의 이러한 새로운 트렌드는 점심 메뉴 전문 음식점들에게도 바다 변화를 가져왔다.,This new trend in Spanish society also brought a huge change to restaurants specializing in lunch.
143,You're a sight for sore eyes.,너를 보니 정말 반갑다.,당신은 눈이 아파요.,I'm very happy to see you.
144,It needs a shot in the arm.,그건 도움 되는 게 필요하다.,팔에서 슛이 필요해요.,It needs to be helpful.
145,Thank you for cheering me up. It was a real shot in the arm.,힘을 내게 해 주셔서 고맙습니다. 정말 큰 힘이 되었습니다.,응원해주셔서 감사합니다. 팔에 진짜 샷이었어.,Thank you for helping me. It was a great help.
146,It is a sight for sore eyes to go down to the docklands and see this hive of activity in an area which 10 years ago was completely derelict.,부두로 내려가 10년 전에는 완전히 버려졌던 지역에서 활발하게 활동하는 벌집을 보는 것은 참으로 반가운 광경입니다.,10년 전 완전히 소실된 지역의 이 활동막을 선착장으로 내려가서 볼 수 있어 가슴 아픈 시선이다.,It's a very pleasant sight to go down to the pier and see a dolmen that is actively active in the area that was completely abandoned 10 years ago.
147,50 police officers to arrest two unarmed men is surely using a sledgehammer to crack a nut.,50명의 경찰이 비무장 남성 2명을 체포하는 것은 작은 일에 너무 큰 힘을 쓰는 것과 같습니다.,unarmed 남자 2명을 체포하기 위해 50명의 경찰관이 반드시 틀을 이용해 너트를 자르고 있다.,The arrest of 50 police officers on two armed men is like using too much power for small things.
148,"He was a sorry sight, soaked to the skin and shivering.",그는 안타까운 모습으로 온 몸이 흠뻑 다 젖은 채 떨고 있었다.,그는 피부에 흠뻑 젖어 숨쉬는 미안함이 느껴지는 모습이었다.,He was trembled with his whole body wet in a sad manner.
149,"Before the roof leak gets worse, let's repair it now. A stich in time saves nine.",지붕 누수가 더 심해지기 전에 지금 수리합시다. 문제를 즉각 처리하면 나중에 수고를 덜 수 있어요.,지붕 누수가 심해지기 전에 지금 수리하자. 시간이 지나면 9개가 절약됩니다.,"Let's repair it now before the roof leaks get worse. If you handle the problem immediately, you can reduce your hard work later."
150,The hotel is within a stone’s throw of the beach.,그 호텔은 해변에서 엎어지면 코 닿을 거리 내에 있다.,호텔은 해변의 돌밭 안에 있습니다.,The hotel is within the street where you can reach if you fall down from the beach.
151,Now you get a taste of your own medicine.,이제 넌 자업자득이다.,이제 자신의 약을 맛볼 수 있어요.,Now you are self-help.
152,My elongated face is a thorn in my side.,나의 늘어진 얼굴은 고민거리이다.,나의 긴 얼굴은 내 옆구리에 가시가 있습니다.,My stretched face is a concern.
153,"I have embarked on a secret strategy to improve the relationship between us, however: absence makes the heart grow fonder. ",그러나 나는 우리 사이의 관계를 개선하기 위해 비밀 전략에 착수했습니다. 떨어져 있으면 더욱 그리워 집니다.,"그러나 우리 간의 관계를 개선하기 위한 비밀의 전략에 돌입했는데, 부재는 마음을 더욱 흐뭇하게 만든다.","However, I started a secret strategy to improve the relationship between us. I miss it even more when we are separated."
154,That pitcher's secret weapon is his sharp curveball.,그 투수의 비장의 무기는 날카로운 커브다,그 투수의 비밀 무기는 날카로운 커브다.,The pitcher's splendid weapon is a sharp curve.
155,He ought to know better at his age.,그는 나잇값도 못한다,그는 나이가 들수록 더 잘 알아야 합니다.,He doesn't even pay for the night.
156,They were working against time to stay on schedule.,그들은 일정에 맞추기 위해 시간에 쫓기며 일하고 있었습니다.,그들은 스케줄에 충실하기 위해 시간을 거스르며 일을 하고 있었다.,They were working in time to meet their schedule.
157,"Never been in such a situation, we are all at sea.","이런 상황에 처해본 적이 없어서, 우리는 모두 어쩔 줄 모르고 있다.","그런 상황이 된 적이 없고, 우리는 모두 바다에 있습니다.","I've never been in this situation, so we all don't know what to do."
158,"You had said that you would call the police if those people harassed you again, but you didn’t. You’re all bark and no bite.","그 사람들이 다시 당신을 괴롭히면 경찰에 신고하겠다고 말했는데, 당신은 그러지 않았어요. 당신은 입만 살아서 떠들어 댈 뿐이지 그렇게 하지는 못합니다.","그분들이 다시 괴롭히면 경찰에 신고하겠다고 했는데, 그러지 않았다. 너 다 고 물지 않았어.","They said they would report it to the police if they harassed you again, but you didn't. You just talk with your mouth and don't do that."
159,It's all Russian and Greek to me.,전부 러시아어 라서 전혀 못 알아 듣겠어요.,저에게는 모든 것이 러시아인과 그리스인입니다.,I can't understand it at all because it's all Russian.
160,So it was all in a day's work for the Irishman.,그래서 그 일은 아일랜드 사람에게는 일상적인 일이야.,그래서 그것은 모두 아일랜드인을 위한 하루의 작업이었다.,That's why it's a routine thing for Irish people.
161,"If you want to bring it up with the boss, I'll support you all the way.",사장님께 이 문제를 제기하고 싶으시면 제가 끝까지 지원해 드리겠습니다.,상사와 함께 하고 싶다면 제가 끝까지 지지하겠습니다.,"If you want to raise this issue to the boss, I will support you until the end."
162,Can you untangle this thread for me? I'm all thumbs.,이 실타래를 좀 풀어줄 수 있나요? 손재주가 없어요.,이 실을 나를 위해 엮어줄 수 있나요? 저는 모두 엄지입니다.,Can you loosen this thread? I don't have a hand.
163,"His new laptop cost him an arm and a leg, but he seems very satisfied with his purchase.","새 노트북을 사느라 많은 돈을 쓰긴 했지만, 그는 구매에 매우 만족하는 걸로 보여.","그의 새 노트북은 팔과 다리에 비용이 들지만, 그는 구매에 매우 만족한 것 같다.","Although he spent a lot of money to buy a new laptop, he seems very satisfied with the purchase."
164,"The lawsuit cost his an arm and a leg, but he won.",그 소송으로 막대한 경비가 들었지만 그는 결국 승소했다.,소송은 팔과 다리에 비용이 들지만 승소했다.,"The lawsuit cost a lot of money, but he eventually won."
165,Paying his three children's tuition fees costs his an arm and a leg.,그는 세 아이들의 학비를 대느라 허리가 휘청거렸다.,세 자녀의 학비를 지불하면 팔과 다리가 든다.,He was shaking his back to pay for the tuition of the three children.
166,You sure have an axe to grind.,당신 분명히 꿍꿍이속이 있네.,당신은 확실히 갈고 닦을 수 있는 축이 있습니다.,You definitely have a mess.
167,It was not an open and shut case.,그것은 단순한 사건이 아니었다.,그것은 개방과 폐쇄의 사례가 아니었다.,It was not a simple event.
168,I can come at the drop of a hat.,나는 즉시 갈 수 있으니까.,모자 한 방울에 올 수 있어요.,I can go immediately because I can.
169,"Because of his mistake, we had to go back to square one.",그의 실수로 모든 일이 백지로 돌아갔다.,그의 실수 때문에 우리는 다시 원점으로 돌아가야 했다.,His mistake led everything to white paper.
170,I need to go back to the drawing board.,저는 처음부터 다시 시작해야 할 필요가 있습니다.,저는 다시 도면판으로 가야 합니다.,I need to start again from the beginning.
171,Baker's dozen.,13개.,Baker의 십여 명입니다.,There are 13.
172,I think we did bend over backwards.,나는 우리가 엄청 애를 썼다고 생각한다.,우리는 거꾸로 굽혔을 것 같아요.,I think we had a lot of hard work.
173,"As always, you are unfortunately between a rock and a hard place.","항상 그랬듯이, 당신은 불행하게도 난처한 처지에 있네요.",언제나처럼 안타깝게도 당신은 암석과 힘든 곳 사이에 있다.,"As always, you are in a bad situation, unfortunately."
174,"In a sense, the Government are between a rock and a hard place.","어떤 의미에서는, 그 정부는 진퇴양난에 빠져있다고 볼 수 있다.",정부로서는 암석과 암석 사이에 있다.,"In some sense, it can be seen that the government is in a crisis."
175,you can binge-watch the entire season with this set.,이 세트로 시즌 전체를 정주행 할 수 있습니다.,이 세트로 시즌 전체를 폭폭 시청할 수 있습니다.,This set allows you to run the entire season.
176,I told you not to bite off more than you can chew.,무리 하지 말라고 말했잖아.,나는 네가 씹을 수 있는 것보다 더 많이 치지 말라고 말했어요.,I told you not to pile up.
177,she hoped the new program would not bite the dust for lack of funding,그녀는 새로운 프로그램이 자금부족으로 망하지 않기를 희망했습니다,그녀는 새로운 프로그램이 예산 부족으로 먼지를 물지 않았으면 좋겠다고 바랐다.,She hoped that the new program would not fail due to a lack of funds.
178,I could just bite my tongue.,내가 하고픈 말을 참을 수가 있었어.,나는 그냥 혀를 물릴 수 있었어.,I could tolerate what I wanted to say.
179,"I wanted to tell him he looked ridiculous, but I bit my tongue .",우스꽝스럽다는 말이 목구멍까지 올라왔지만 참았다.,"나는 그가 너무 황당한 것 같다고 말하고 싶었지만, 나는 혀를 아버렸다.","The word ridiculous came up to my throat, but I endured it."
180,Expect balmy temperatures by day and brass monkeys at night.,"낮에는 온화한 기온, 밤에는 몹시 추운 날씨 입니다.",낮마다 매서운 기온과 밤에는  원숭이를 기대합니다.,It's a mild temperature during the day and a very cold weather at night.
181,"Now look, let's get down here to brass tacks.","자 보세요, 우리 여기서 본론으로 들어가죠.","이제 보자, 여기 불로 내려가자.","Let's sleep, let's go to the main topic here."
182,They translated a bricks and mortar to the Web.,그들은 오프라인 가게를 웹으로 옮겼다.,그들은 벽돌과 벽돌을 웹으로 번역했어요.,They moved the offline store to the web.
183,"She stays up late every night, burning the midnight oil to study for her exams.",그녀는 시험 공부를 위해 매일 밤 새워가며 늦게까지 열심히 공부하고 있어요.,그녀는 매일 밤 늦게 일어나 자정 기름을 태우며 시험을 공부합니다.,She is studying hard until late every night to study for the exam.
184,"After multiple repairs and breakdowns, they finally realized they had bought a lemon and decided to cut their losses.",여러 번의 수리와 고장 끝에 그들은 마침내 속아서 쓸모 없는 것을 구입했다는 사실을 깨닫고 손실을 줄이기로 결정했습니다.,여러 차례 수리와 고장이 난 뒤 결국 레몬을 샀음을 깨닫고 손실을 줄이기로 했다.,"After several repairs and failures, they finally realized that they had mistakenly purchased things that were not useful and decided to reduce losses."
185,"What's the matter, cat got your tongue?",왜 그래? 왜 말을 못해?,"무슨 일이니, 고양이가 입술을 잡았나요?",Why? Why can't you tell me?
186,He found out about my painkiller addiction and is using it to blackmail me—he has me by the short hairs now.,그 사람은 내 진통제 중독을 알아차리고 그걸 이용해 나를 협박하고 있어요. 이제 그 사람이 완전히 나를 좌지우자 하고 있어요.,"그는 제 진통제 중독을 알게 됐고, 그걸 이용해서 협박을 하고 있어요. 지금 짧은 머리로 데리고 있어요.",He knows my painkiller addiction and is threatening me using it. Now he is trying to put me down completely.
187,If he'd known that he was to find himself seated cheek by jowl with his old enemy he wouldn't have attended the dinner. ,만일 그가 자신의 오랜 적과 가까이 앉게 될 것이라는 것을 알았다면 그는 저녁 식사에 참석하지 않았을 것입니다.,그가 옛 적과 함께 뺨에 앉힌 자신을 발견하려는 것을 알았더라면 저녁 식사에 참석하지 않았을 것이다.,"If he knew he would sit close to his old enemy, he would not have attended the dinner."
188,It’s impossible to live on such a chicken feed salary.,그런 쥐꼬리만한 월급으로는 살 수가 없다.,이런 치킨 사료 급여로 사는 것은 불가능합니다.,You can't live with such a monthly salary.
189,We can chow this pizza down in about two minutes!,이 피자는 약 2분 안에 다 먹을 수 있어요!,우리는 이 피자를 2분 정도면 떨어뜨릴 수 있어요!,You can eat this pizza in about 2 minutes!
190,"I will be there on time, come hell or high water.",나는 제시간에 거기에 갈 것이다. 무슨 일이 있어도.,"나는 제때에 그곳에 있을 것, 지옥이나 높은 물을 오세요.","I'll go there on time, if anything happens."
191,That's an hour on the exercise bike. I can't do any more - I'm crackered.,운동용 자전거를 타는 한 시간입니다. 더 이상 할 수가 없어요. 완전히 기진맥진이에요.,"운동자전거를 타고 한 시간입니다. 더는 할 수 없어, 머리가 니다.",It's an hour to ride an exercise bike. I can't do it anymore. I'm completely sick.
192,"The job interview is a week away, so I'll cross that bridge when I come to it.",면접이 아직 일주일 남아서 그건 그때가서 생각 할거다.,취업 면접이 일주일 앞으로 다가왔으니 그 다리에 오면 건너겠습니다.,"There is still a week left for the interview, so I will think about it at that time."
193,The daily grind of taking care of three children was wearing her down.,세 자녀를 돌보는 매일의 고된 일이 그녀를 지치게 만들었습니다.,3명의 아이들을 돌보는 일의 일만이 그녀의 몸을 게 하고 있었다.,The hard work of taking care of her three children made her tired.
194,This car is a dead ringer for the one I used to own.,이 차는 전에 내가 갖고 있던 차와 똑 닮았다.,이 차는 내가 가지고 있던 차의 죽은 링커입니다.,This car looks like the one I had before.
195,They had been with him for donkey's years and knew him inside out.,그들은 그와 아주 오랫동안 지내왔고 그에 대해 속속히 알고 있었다.,"그들은 당나귀와 몇 년 동안 함께 했고, 그 안에서 그를 알고 있었다.",They had been with him for a long time and knew him one after another.
196,It is not smart to bite the hands that feed you.,은혜를 원수로 갚는 것은 똑똑한 짓이 아니다.,당신을 먹이는 손을 물리는 것은 똑똑하지 않다.,It is not a smart thing to repay grace as a enemy.
197,I soon found myself head over heels in love with this girl.,나는 곧 이 여자와 홀랑 사랑에 빠져버렸다.,나는 곧 이 소녀와 사랑에 빠진 나를 발견했어요.,I soon fell into love with this woman.
198,Is it just flogging a dead horse to ask for another recount of the votes?,표결을 다시 이야기 하자고 요청하는 것은 헛수고 인가요?,투표 결과에 대한 다시 한 번 재조사를 요구하는 것은 그저 죽은 말에 불과하나요?,Is it wrong to ask to talk about the vote again?
199,"I said to him that please be careful, cause I got out of the wrong side of the bed.",꿈자리가 나빠서 나는 그에게 제발 조심하라고 말했다.,내가 침대 옆을 잘못 나왔기 때문에 조심하라고 말했어.,I told him to be careful because my dream was bad.
200,I just can't wrap my head around this idea.,나는이 아이디어에 대해 이해 할 수 없습니다.,나는 그냥 이 아이디어에 머리를 감을 수 없어.,I can't understand this idea.
201,Raphael Nadal looked like he was straight from a street gang. I guess you can't judge a book by its cover.,라파엘 나달은 길거리 갱단 출신인 것처럼 보입니다. 겉만 보고 판단할 수는 없는 것 같아요.,라펠 나달은 길거리 조폭에서 나온 것 같았어. 책 표지로 판단할 수는 없을 것 같아.,"Rafael Nadal seems to be from a street gang, but I can't judge it just on the outside."
202,"Bob's father-in-law has given him and old Rolls Royce, but it's a real white elephant.","밥의 의붓아버지는 그에게 롤스 로이스를 주었는데, 그것은 정말 돈이 드는 무용지물이다.","밥의 시어머니가 그에게 옛 롤스 로이스를 줬지만, 그것은 진짜 하얀 코끼리입니다.","Bob's stepfather gave him Rolls Roys, which really costs money."
203,People in Myanmar believe that the white elephant is holy.,미얀마의 사람들은 흰 코끼리가 신성하다고 믿습니다.,미얀마 사람들은 흰 코끼리가 신성하다고 믿는다.,People in Myanmar believe that white elephants are sacred.
204,"She had promised not to reveal the gender of her baby, but during a chat, she inadvertently let the cat out of the bag.",아기의 성별을 밝히지 않기로 약속한 그녀는 대화 도중 우연히 비밀을 누설하게 된다.,"그녀는 아기의 성별을 공개하지 않겠다고 약속했지만, 채팅 중 고양이를 주머니에서 함부로 꺼내버렸다.","She promised not to reveal her baby's gender, and accidentally divulge the secret during the conversation."
205,We have to remember that a fish rots from the head down.,우리는 윗물이 맑아야 아랫물이 맑다라는 사실을 기억해야 합니다.,우리는 물고기가 머리에서 썩는 것을 기억해야 한다.,We should remember that the upper water must be clear to the lower water.
206,"It started to rain harder, but we gritted our teeth and carried on.",비가 더 심하게 내리기 시작했지만 우리는 이를 악물고 계속했다.,"비가 더 많이 내리기 시작했지만, 우리는 이빨을 고 버텨냈다.","It started to rain more severe, but we continued to grip it."
207,The marketing department put on quite a dog and pony show to impress the potential clients.,그 마케팅부는 잠재 고객들에게 인상을 심어 주기 위해 신제품 전시 행사를 진행하였다.,마케팅 부서에서는 잠재적인 고객사에게 감동을 주기 위해 꽤 많은 개와 포니 쇼를 펼쳤다.,The marketing department held a new product exhibition event to give impressions to potential customers.
208,The rainbow baby got all the love from her family.,유산 후에 얻은 아기는 가족의 사랑을 듬뿍 받았다.,무지개 아기는 가족으로부터 모든 사랑을 받았다.,The baby gained after the miscarriage received a lot of love from the family.
209,Let's not beat a dead horse anymore.,더 이상 끝난 얘기를 거론하지 말아요.,죽은 말을 더 이상 치지 말자.,Don't talk about the end anymore.
210,"If you back the wrong horse in the real estate market, the consequences can be painful.",부동산 시장에서 잘못된 결정을 내리면 그 결과는 고통스러울 수 있습니다.,부동산 시장에서 잘못된 말을 뒤집으면 그 결과는 고통스럽을 수 있다.,"If you make a wrong decision in the real estate market, the result can be painful."
211,"He talks like he knows acting, but he's still a greenhorn.",그는 연기에 대해 아는 것같이 말하지만 아직 풋내기다.,"그는 연기를 아는 것처럼 말하지만, 여전히 푸른 뿔이 있다.","He says he knows about acting, but he is still a child."
212,The concert you missed last night was off the chain.,어젯밤에 놓친 콘서트는 정말 좋고 신났어요.,어제 밤 당신이 놓쳤던 콘서트는 체인에서 나갔어요.,The concert I missed last night was really good and exciting.
213,"If it had not been chaired by Humphrey Temperley, it would be pushing up the daisies.",Humphrey Temperley가 의장을 맡지 않았다면 그 의장은 죽었을 것입니다.,"만약 휴플리 템퍼리의 의자에 앉지 않았다면, 그것은 소란을 밀어내고 있을 것이다.","If Humphrey Temperley did not serve as chairman, the chairman would have died."
214,The toy box after the kids done playing is always a barrel of monkeys.,아이들이 놀고 나면 장난감 상자는 늘 어지러워요.,아이들이 놀고 나면 장난감 상자는 항상 원숭이의 통이다.,"After children play, the toys box always gets dizzy."
215,"His direct words drove home how much he cared, leaving no room for misinterpretation.","그의 직접적인 말은 그가 얼마나 관심을 갖고 있는지를 일깨워 주었고, 오해의 여지가 전혀 없었습니다.",그의 직접적인 말은 그가 얼마나 아끼었는지 집으로 몰아가며 오해의 여지를 남기지 않았다.,"His direct words reminded me how interested he was, and there was no room for misunderstanding at all."
216,"To ensure a fair testing environment for all students, the teacher must be hard and fast during the test.",모든 학생에게 공정한 시험 환경을 보장하기 위해 교사는 시험 중에 엄격해야 합니다.,모든 학생에게 공정한 시험 환경을 보장하기 위해 교사는 시험 기간 동안 힘들고 빨리 해야 합니다.,"To ensure a fair test environment for all students, teachers should be strict during the test."
217,"When disaster struck, many volunteers rushed to the affected area to lend a hand by providing support to those affected.",재난이 닥치자 많은 자원봉사자들이 피해 지역으로 달려가 피해를 입은 사람들을 도와 주었습니다.,재난이 닥치자 많은 자원봉사자들이 피해지역에 달려들어 피해를 입은 사람들에게 지원을 하며 손을 빌리기도 했다.,"When the disaster broke out, many volunteers ran to the affected area to help the affected people."
218,"The unexpected discovery of oil reserves in the region is grist to the mill for the country’s economy, offering new opportunities for development and prosperity.",이 지역에서 예상치 못한 석유 매장량의 발견은 국가 경제에 큰 부담이 되며 발전과 번영을 위한 새로운 기회를 제공합니다.,이 지역에서 예상치 못한 석유 비축량이 발견되면서 국가 경제에 새로운 발전 및 번영의 기회를 제공하고 있다.,The discovery of unexpected oil reserves in this region is a big burden on the national economy and provides new opportunities for development and prosperity.
219,Someone needs to bell the cat and inform the police that the wanted gangster is living in the suburbs.,누군가는 위험한 작업을 수행하고 수배된 갱스터가 교외에 살고 있다는 사실을 경찰에 알려야 합니다.,"누군가는 고양이를 종을 울리고, 원하는 조폭이 근교에 살고 있다는 사실을 경찰에 알려야 한다.",Someone should carry out dangerous work and inform the police that the seized gangster lives in the suburbs.
220,My manager held my feet to the fire when I struggled to meet deadlines and deliver high-quality work. I knew I had to step up or face serious consequences.,나의 상사는 내가 마감일을 지키고 고품질의 작업을 수행하는 데 어려움을 겪을 때 나에게 책임을 다하도록 강요합니다. 나는 한 발 더 나서지 않으면 심각한 결과에 직면해야 한다는 것을 알았습니다.,마감기한을 맞추거나 양질의 업무를 납품하기 위해 고군분투했을 때 상사가 불을 지폈다. 앞으로 나서거나 심각한 결과를 맞닥뜨릴 수밖에 없다는 것을 알았기 때문이다.,My boss force me to fulfill my responsibility when I have difficulty keeping the deadline and performing high-quality work. I know I have to face serious consequences if I don't take a step further.
221,My roommate had a cow when I spilled coffee on the carpet.,내가 카펫에 커피를 쏟았을 때 룸메이트가 화를 냈습니다.,내 방메이트는 카펫에 커피를 흘려먹을 때 소가 있었다.,"When I poured coffee into the carpet, my roommate was angry."
222,No one knew if the rookie was worth his salt until he got thrust into the starting lineup.,그가 선발 라인업에 투입되기 전까지는 그 신인이 효과적일지 아무도 몰랐다.,선발 라인업에 투입되기 전까지 신인이 소금이 되는지 아무도 몰랐습니다.,No one knew whether the rookie would be effective until he was put into the starting lineup.
223,A team is never truly cohesive until its members discover they were cut from the same cloth.,팀은 구성원들이 비슷한 특성을 공유한다는 사실을 발견할 때까지 결코 진정으로 응집력이 없습니다.,한 팀은 구성원들이 같은 옷에서 절단된 것을 발견하기 전까지 결코 진정 응집력이 없다.,The team is never truly cohesive until it finds that members share similar characteristics.
224,"A crash course in finances taught my kids good lessons in budgeting, saving, and spending wisely.","재정에 대한 특강은 우리 아이들에게 예산을 세우고, 저축하고, 현명하게 소비하는 좋은 교훈을 가르쳐 주었습니다.","재정 실패 강좌는 우리 아이들에게 예산 편성, 저축, 지출에 대한 좋은 교훈을 주었습니다.","The special lecture on finance taught our children good lessons of setting budgets, saving, and wisely spending."
225,Our efforts will bear fruit.,우리 노력이 결실을 맺을 것이다.,우리의 노력이 결실을 맺을 것입니다.,Our efforts will be fruitful.
226,I’m trying to curb my sweet tooth by replacing sugary treats with healthy snacks.,저는 설탕이 든 간식을 건강한 간식으로 대체함으로써 제가 단 음식을 좋아하는 것을 억제하려고 노력하고 있습니다.,저는 설탕이 들어간 간식을 건강한 간식으로 대체하여 달콤한 치아를 억제하려고 노력하고 있습니다.,I'm trying to suppress my favorite sweet food by replacing sugar-filled snacks with healthy snacks.
227,"Despite many obstacles, the relief efforts rose to the occasion and provided quick aid to the disaster victims.","많은 장애물에도 불구하고, 구호 활동은 그 상황에 대처했고 재난 피해자들에게 신속한 구호를 제공했습니다.","많은 장애물에도 불구하고, 구호 노력은 그 계기로 상승하여 재난 피해자에 대한 신속한 도움을 제공하였다.","Despite many obstacles, relief activities dealt with the situation and provided rapid relief to the victims of the disaster."
228,The wealthy businessman hired an actor to pretend to be him—a man of straw—so that his identity would remain secret.,그 부유한 사업가는 그의 신분을 비밀로 유지하기 위해 그를 가장하기 위해 허수아비 같은 배우를 고용했습니다.,부유한 사업가는 배우를 고용하여 자신의 신분을 비밀로 유지하도록 하였다.,The wealthy businessman hired an actor like Heo Su-abi to disguise him to keep his identity secret.
229,We kept our eyes peeled for any signs of life.,우리는 생존자의 흔적이 있는지 눈이 빠지게 찾았다.,우리는 삶의 어떤 징후에도 눈을 피웠다.,We found out if there were any traces of the survivor.
230,I’m not going to believe your experiment this time; it always goes down a blind alley.,나는 이번에는 당신의 실험을 믿지 않을 것입니다. 그것은 항상 막다른 골목을 지나가기 때문입니다.,"이번에는 당신의 실험을 믿지 않을 것이에요, 항상 블라인드 골목으로 내려가요.",I won't believe in your experiment this time because I always pass through the end of the alley.
231,"Jose appeared decent, but his true nature was one who liked to live on the edge.","호세는 점잖게 보였지만, 그의 본성은 모험적인 삶을 사는 것을 좋아하는 사람이었습니다.","호세는 착해 보였지만, 그의 진정한 본성은 가장자리에서 사는 것을 좋아하는 사람이었다.","Jose seemed polite, but his nature was a person who liked to live an adventure."
232,Our family is going to push the boat out and throw a huge party to celebrate my parents’ golden wedding anniversary.,우리 가족은 부모님의 금혼 기념일을 축하하기 위해 큰 파티를 열 예정입니다.,우리 가족은 부모님 황금결혼기념일을 축하하기 위해 배를 밀어내고 큰 파티를 할 예정입니다.,My family is planning to hold a big party to celebrate the birthday of my parents' marriage.
233,The revolution tolled the death knell for the Russian monarchy.,그 혁명으로 러시아 군주제는 종말을 고했다.,혁명은 러시아 군주제에 대한 죽음 bell을 었다.,The revolution ended the Russian monarchy.
234,The owner of the business chose to take a back seat and let the board members run the company.,사업주는 덜 중요한 역할을 선택하고 이사진이 회사를 운영하도록 했습니다.,사업 주인이 뒷자리에 앉아 이사들이 회사를 운영하도록 선택하였다.,The employer chose a less important role and allowed the directors to run the company.
235,He has a rather devil-may-care attitude toward his studies.,그는 자신의 학업에 대해 다소 될대로 되라 식의 태도를 가지고 있습니다.,그는 자신의 학업에 대해 다소 악마주의적인 태도를 가지고 있다.,He has a kind of attitude toward his studies to be done as much as possible.
236,The American Petroleum Institute is clearing the decks for setting up many huge new projects around the globe.,미국석유연구소는 전세계적으로 많은 거대한 신규 프로젝트를 설립하기 위해 덜 중요한 일이나 방해되는 일들을 정리하고 있습니다.,미국 석유연구소는 전 세계적으로 큰 새로운 프로젝트를 많이 세우기 위한 데크를 정리하고 있다.,The U.S. Petroleum Research Institute is organizing less important or obstructing things to establish many huge new projects around the world.
237,The party leader believed that the 50-year-old sitting legislator was still a safe bet for reelection.,그 당 대표는 50세의 현직 국회의원이 틀림없이 재선할 것라고 믿었습니다.,당대표는 50세 현역의원이 여전히 재선에 안전한 베팅이라고 봤다.,The party leader believed that a 50-year-old incumbent lawmaker would definitely be re-elected.
238,"It's so cold, I'll probably catch a cold. ",너무 추워서 감기 걸릴 것 같다.,너무 추워서 아마 감기에 걸릴 것 같아요.,It's so cold that I think I'll get a cold.
239,"Although “chicken-hearted” is mostly used as an insult, it can also be used in a friendly way when teasing someone.","두려움은 대부분 모욕으로 사용되지만, 누군가를 놀릴 때 친근하게 사용될 수도 있습니다.","‘치킨 ’은 주로 모욕으로 사용되지만, 누군가를 조롱할 때도 친근한 방식으로 사용될 수 있다.","Fear is mostly used as insults, but it can be used familiarly when talking about someone."
240,We’ll be here till doomsday if you go blathering on.,당신이 계속 지껄여대면 우리는 영원히 여기 있을 겁니다.,당신이 무너뜨릴 경우 우리는 영원히 이곳에 있을 거예요.,"If you keep talking, we will be here forever."
241,One day she’s going to be a doctor; the next she wants to study architecture. She’ll have to stop chopping and changing and make up her mind.,"그녀는 언젠가는 의사가 될 것이고, 다음에는 건축학을 공부하고 싶어합니다. 그녀는 이리저리 마음을 바꾸는 것을 멈추고 마음을 정해야 할 것입니다.","어느 날 그녀는 의사가 되고, 다음 날 그녀는 건축을 공부하고 싶어 할 것입니다. 그는 붓고 바꾸는 것을 멈추고 마음을 만들어야 할 것이다.","She will become a doctor someday, and next time she wants to study architecture. She will have to stop changing her mind and decide her mind."
242,The president exuded confidence as he talked about his regime's down the road.,대통령은 자신감을 풍기며 그가 이끄는 정권의 장래에 대해 언급했다.,대통령은 자신의 정권 하행에 대해 이야기하면서 자신감을 내뿜었다.,The president expressed confidence and mentioned the future of his regime.
243,They live just down the road.,그들은 바로 이 도로 아래쪽에 산다.,그들은 그 길 바로 아래쪽에 살고 있어요.,They live below this road.
244,The British had been dragging their feet concerning a single European currency.,영국은 단일 유럽 통화에 대해 질질 끌고 있었습니다.,영국은 유럽 단일 화폐에 대해 발을 끌고 있었다.,The UK has been striving for a single European currency.
245,"Taxpayers are no longer supporting the organizations. Therefore, the organizations must now cut their coats according to the cloth.",납세자들은 더 이상 해당 조직을 지원하지 않습니다. 그러므로 조직은 이제 분수에 맞게 살아야 합니다.,"납세자들은 더 이상 조직을 지지하지 않기 때문에, 조직들은 이제 옷에 따라 코트를 잘라야 한다.","Taxpayers no longer support the organization, so the organization should now live in a fraction."
246,"Of course we'd love a huge expensive house, but you have to cut your coat according to your cloth.","물론 아주 비싼 집이 좋기야 하지만, 그래도 뱁새가 황새 따라가면 가랑이 찢어진다.","물론 우리는 거대한 비싼 집을 원하지만, 당신은 옷에 따라 외투를 잘라야 해요.","Of course, a very expensive house is good, but still, when the cockles follow, they are torn."
247,City's season is rapidly turning into a damp squib.,맨시티의 시즌은 급격히 망해가고있다,도시의 계절이 급격히 은 스쿼리로 바뀌고 있다.,Manchester City's season is rapidly going down.
248,The party turned out to be a bit of a damp squib. Half the people who’d been invited didn’t turn up.,파티는 영 재미 없는 것으로 판명되었습니다. 초대받은 사람의 절반이 나타나지 않았습니다.,"그 파티는 조금 한 스쿼리로 판명났고, 초대받은 사람들 중 절반은 나오지 않았다.",The party was found to be not fun. Half of the invited people did not appear.
249,Older workers often get a raw deal.,나이가 많은 직원들은 흔히 부당한 대우를 받는다.,노인 근로자들은 종종 원거래를 받는다.,Older employees are often treated unfairly.
250,They are making every effort possible to dig up dirt on the opposing contender.,그들은 상대 경쟁자의 부정부패를 파헤치기 위해 가능한 모든 노력을 기울이고 있습니다.,상대 경쟁자에 대한 흙을 캐기 위해 모든 노력을 기울이고 있다.,They are making all possible efforts to uncover the corruption of their opponent.
251,The enemy caught our army napping.,적은 우리가 방심하고 있던 곳을 습격했다.,적들이 우리 군을 쫓았습니다.,The enemy attacked the place where we were quiet.
252,"So in the United States, only the federal government can coin money.","미국에서, 단지 연방정부만이 돈을 만들수 있죠.",그래서 미국에서는 연방 정부만이 동전을 동전으로 만들 수 있다.,"In the United States, only the federal government can make money."
253,"What I said was not true, but he fell for it hook, line and sinker.","내가 한 말은 사실이 아니었는데, 그는 곧이곧대로 믿었다.","내가 말한 것은 사실이 아니었지만, 그는 그 걸 후크, 라인, 싱크러로 떨어뜨렸다.","The words I said were not true, but he believed in the same way."
254,"Sally was popular and successful. She was nearly fifty before she learned that she, too, had feet of clay.","샐리는 인기가 있고 게다가 성공도 하였다. 그녀가 자신에게도 약점이 있다는 것을 안 것은, 그녀가 오십이 가까이 되었을 때였다.","슬리는 인기 있고 성공했고, 그녀 역시 클레이 발이 있다는 것을 알게 되기 50살 가까이 전이었다.",Sarah was popular and also successful. It was when she was nearly 50 years old that she knew she had weaknesses.
255,But does it have an ace up its sleeve?,하지만 그것은 비장의 무기를 가지고 있는가?,하지만 그 소매에 에이스가 있나요?,But does it have a splendid weapon?
256,The rule has to cut both ways.,룰은 어느 쪽에나 똑같이 적용되니까.,그 규칙은 두 가지 방법을 모두 잘라야 합니다.,The rules are applied equally to any side.
257,I can't leave a child that is hungry and crying out in the cold.,나는 배고파하며 울고 있는 아이를 냉대 할 수 없다.,배고프고 울고 있는 아이를 추위 속에 놔두면 안 됩니다.,I can't treat a child crying hungry and hungry.
258,He is the pest to his classmates. or He is left out in the cold by his classmates.,그는 급우들한테 따돌림을 받고 있다,그는 학급 친구들에게 해로운 사람이거나 학급 친구들에게 감기에 빠져버린다.,He is being bullied by his juniors.
259,He always says he’ll help but when it comes to the crunch he does nothing.,그는 항상 도와주겠다고 말하지만 때가 되면 아무것도 하지 않는다.,"그는 항상 도와줄 것이라고 말하지만, 감쇠에 대해서는 아무것도 하지 않는다.","He always says he will help, but he doesn't do anything when it's time."
260,It'll be like boiling the ocean. Don't even try.,그건 완전 불가능한 일이야. 시도 조차 하지마.,바다가 끓는 것과 같을 거예요. 시도하지 마세요.,That's completely impossible. Don't even try.
261,"When parents fight over trivial matters, their children are often caught in the crossfire.",부모가 사소한 문제로 다투면 자녀에게 불똥이 튀는 경우가 많습니다.,사소한 문제를 놓고 부모가 다투면 자녀들이 교차사격에 휘말리는 경우가 많다.,"When parents argue about minor issues, there are many cases where the children are caught up."
262,We are going around in circles. It's such a waste of time.,우리는 계속 개미 쳇바퀴 돌 듯 돌고 있다. 이는 시간낭비이다.,우리는 원으로 돌고 있어요. 너무 시간 낭비입니다.,"We continue to go around like an ant's wheel, which is time waste."
263,A blast of hot air hit us as we stepped off the plane.,우리가 비행기에서 내려서는데 훅 더운 바람이 끼쳤다.,비행기에서 내리자 뜨거운 공기의 폭발이 우리를 강타했어요.,"When we got off the plane, there was a hot wind."
264,He's full of hot air.,그가 하는 얘기는 모두 허풍이다.,그는 뜨거운 공기로 가득 차 있습니다.,All of his words are absurd.
265,He played ducks and drakes with money without thinking.,그는 무분별하게 돈을 낭비했다.,그는 생각하지 않고 돈으로 오리와 드래크를 놀았습니다.,He wasted money indiscriminately.
266,I’m not sure what I’ll do when the chips are down.,막상 일이 닥치면 내가 어떻게 할지는 확실히 모르겠다.,제가 칩이 내려가면 어떻게 할지 모르겠네요.,I don't know what to do when I get a job.
267,Don't mention the chink in my armor.,나의 약점을 거론하지 마라.,제 갑옷에 있는 을 언급하지 마세요.,Don't mention my weakness.
268,She has taken to teaching like a duck to water.,그녀는 아주 수월하게 교직에 익숙해졌다.,그녀는 물속에서 오리처럼 가르치는 일을 하게 되었습니다.,She became very easily accustomed to the teaching profession.
269,Don't embarrass when they ask something and keep your pants on.,그들이 무엇을 물어볼 때 당황하지 말고 침착하라.,어떤 것을 물어보면 당황하지 말고 바지를 착용하세요.,Don't be embarrassed when they ask something and calm down.
270,The drunken man was bent out of shape.,그 술 취한 사람은 고주망태였다.,술에 취한 남자는 모양이 꺾여 있었다.,The drunk person was Go Ju-man-tae.
271,The knives were bent out of shape.,그 칼들은 구부러져 모양이 일그러져 있었다.,칼날이 모양 없이 구부러졌다.,The swords were bended and shaped deformed.
272,Why are you getting bent out of shape over nothing?,아니 그깟 걸 가지고 화를 내고 그래?,왜 아무것도 안 하고 구부러져요?,"No, do you get angry with that?"
273,"In the competition among the salespeople, she came out as top dog.",판매원 사이의 경쟁에서 그 여자가 최고의 승자가 되었다.,영업사원들 간의 경쟁에서 그녀는 톱견으로 나왔다.,The woman became the best winner in the competition between salesmen.
274,I can't take time on your problem. I have other fish to fry.,자네 문제에만 매달려 있을 수는 없단 말이야. 또 다른 중요한 할 일이 있으니까.,난 너의 문제에 시간을 줄 수 없어. 다른 생선을 튀릴 게 있어.,I can't focus only on your problem. I have another important task.
275,a consumer watchdog,소비자 감시 단체,소비자 감시기관 소비자 감시관.,Consumer monitoring group.
276,Don't booze around. Make a beeline for home.,술 마시고 돌아다니지 말고 곧장 집으로 오세요,주변에 술을 마시지 마세요. 집에서 뵈린을 만들어주세요.,Don't go around drinking alcohol and come home right away.
